Image,Class
16865.png,63
10070.png,68
06735.png,35
15246.png,46
09026.png,53
18025.png,25
07099.png,95
15796.png,36
12863.png,61
18822.png,22
11331.png,31
00097.png,93
07872.png,70
13727.png,27
18101.png,53
10522.png,22
11673.png,71
19643.png,43
04254.png,53
05912.png,12
11554.png,53
11809.png,9
13042.png,42
04197.png,93
02430.png,30
02111.png,11
18929.png,27
11253.png,38
12091.png,87
11498.png,94
17019.png,19
14036.png,37
10908.png,8
07833.png,33
02919.png,19
01315.png,15
06490.png,86
00515.png,15
04522.png,22
09073.png,71
16421.png,21
05973.png,71
15603.png,3
01888.png,85
05126.png,26
07672.png,70
05587.png,27
02623.png,23
02342.png,42
11356.png,54
19841.png,41
15161.png,59
16959.png,57
18951.png,51
08027.png,27
12693.png,89
19833.png,33
01832.png,32
03260.png,58
07738.png,38
10006.png,6
11215.png,15
03317.png,17
13869.png,67
06000.png,0
07812.png,12
05434.png,34
01500.png,1
04606.png,38
06335.png,35
05183.png,81
07871.png,69
08590.png,39
08302.png,2
04895.png,91
05942.png,42
02974.png,72
01274.png,48
19605.png,4
09643.png,43
08390.png,86
02996.png,92
01244.png,56
11234.png,91
05323.png,23
07333.png,33
00148.png,48
16711.png,30
03255.png,27
15112.png,12
01292.png,88
09846.png,46
04976.png,74
03445.png,45
09317.png,17
13230.png,30
01663.png,61
12483.png,81
06798.png,94
07814.png,14
07676.png,74
14631.png,31
13662.png,60
07056.png,54
17803.png,3
11823.png,23
19748.png,48
04878.png,76
12352.png,39
14831.png,31
19619.png,19
16449.png,49
09369.png,67
03828.png,28
13670.png,68
12329.png,29
14489.png,81
09332.png,32
05459.png,57
17735.png,35
07315.png,15
03087.png,27
04038.png,38
16867.png,65
14653.png,38
12108.png,8
13602.png,2
16144.png,44
10036.png,36
06144.png,44
16004.png,5
11566.png,64
00881.png,79
02517.png,17
08817.png,17
04314.png,14
05989.png,81
15987.png,27
01445.png,45
00277.png,75
03754.png,53
00279.png,77
07887.png,27
04766.png,64
17777.png,75
10791.png,87
13256.png,54
17437.png,37
17091.png,43
02613.png,13
05614.png,14
04780.png,78
12046.png,46
16784.png,82
08843.png,43
18368.png,66
09792.png,88
06094.png,90
10604.png,4
04321.png,21
00823.png,23
08260.png,58
13248.png,48
09166.png,64
10096.png,92
14915.png,11
04765.png,63
07530.png,30
04408.png,8
07275.png,73
02231.png,31
06238.png,38
11933.png,33
08370.png,68
08779.png,77
05340.png,75
00794.png,90
11265.png,63
03417.png,17
16151.png,51
04158.png,56
00691.png,87
05332.png,32
00885.png,83
11637.png,37
18555.png,27
15920.png,20
00222.png,22
18205.png,4
17223.png,23
04706.png,6
13638.png,38
03571.png,69
07201.png,1
06203.png,3
12933.png,33
18917.png,17
07452.png,52
17140.png,40
01154.png,53
18609.png,9
05759.png,57
17788.png,85
13750.png,51
09740.png,40
02864.png,62
02999.png,45
15158.png,56
07112.png,12
18732.png,32
14634.png,51
07049.png,49
16707.png,7
01935.png,35
12480.png,78
16739.png,38
07091.png,43
00401.png,1
10585.png,83
19818.png,18
12822.png,32
16578.png,76
05963.png,61
01784.png,82
11151.png,51
09532.png,32
03147.png,47
13398.png,94
05602.png,2
01570.png,68
00046.png,46
16166.png,64
05090.png,86
02775.png,73
00488.png,85
16911.png,11
09038.png,38
09271.png,69
16555.png,27
01246.png,46
04951.png,51
01422.png,22
17978.png,76
14025.png,25
06812.png,12
01598.png,94
00808.png,8
10168.png,66
00566.png,64
06236.png,37
04686.png,84
18367.png,65
19947.png,47
05099.png,95
03028.png,28
19238.png,38
00044.png,44
01456.png,54
06303.png,3
17986.png,84
19455.png,27
18722.png,22
07937.png,37
17935.png,35
05760.png,58
18241.png,41
17160.png,58
09247.png,47
04032.png,32
04002.png,2
04376.png,74
01429.png,29
04436.png,37
11119.png,19
14242.png,42
12531.png,31
00939.png,38
00857.png,55
03960.png,58
11388.png,85
19891.png,87
10051.png,51
05754.png,53
03664.png,62
00240.png,40
05949.png,49
01576.png,74
01086.png,84
06370.png,68
12944.png,44
02505.png,5
11210.png,10
08476.png,74
04496.png,79
07596.png,92
13658.png,56
19872.png,70
15001.png,90
12253.png,38
08059.png,57
04605.png,5
13951.png,51
13065.png,63
11841.png,41
13465.png,63
10839.png,39
11326.png,26
10118.png,18
15746.png,46
08385.png,83
16845.png,45
06838.png,38
17462.png,60
07224.png,24
19444.png,44
06506.png,6
08840.png,40
06110.png,10
06059.png,57
15257.png,55
06961.png,59
15908.png,9
10877.png,75
05497.png,93
07867.png,65
14346.png,46
12867.png,65
01629.png,29
18761.png,59
17501.png,1
13811.png,11
16386.png,84
12955.png,27
06401.png,63
00660.png,58
17759.png,57
12341.png,41
02441.png,41
16956.png,54
00783.png,34
09409.png,3
03391.png,87
09586.png,84
15403.png,3
17035.png,35
19626.png,26
19694.png,90
04568.png,66
19599.png,95
08514.png,14
16607.png,7
06061.png,59
02048.png,48
01967.png,65
01750.png,50
11613.png,13
02167.png,65
00024.png,52
02844.png,44
06916.png,16
17764.png,62
14719.png,19
03318.png,18
16137.png,37
13120.png,20
09838.png,6
06398.png,94
06799.png,95
02685.png,83
10090.png,86
10222.png,22
05945.png,45
19427.png,27
07732.png,32
08819.png,19
09553.png,38
15662.png,60
04540.png,40
18570.png,68
10580.png,78
00564.png,62
01404.png,4
09821.png,21
13623.png,23
00971.png,69
04112.png,12
12758.png,56
14459.png,57
08648.png,49
00629.png,29
18701.png,1
14805.png,5
03155.png,27
00741.png,41
15505.png,5
06117.png,17
01067.png,65
18216.png,16
18413.png,13
06759.png,57
05191.png,87
18437.png,37
03003.png,3
05386.png,84
07900.png,19
09766.png,64
12275.png,73
10863.png,61
08396.png,92
03565.png,63
18150.png,50
14950.png,50
19639.png,39
19621.png,21
19134.png,34
19968.png,66
05791.png,87
19014.png,14
06606.png,6
18629.png,63
13966.png,64
18727.png,27
17258.png,56
10891.png,43
04933.png,33
19677.png,75
08697.png,93
01376.png,74
04608.png,9
17220.png,20
08173.png,71
02807.png,7
17902.png,2
10633.png,33
01257.png,55
06769.png,67
04328.png,28
05407.png,7
01091.png,87
05162.png,60
05994.png,91
13928.png,28
01021.png,21
16488.png,85
18418.png,18
01153.png,38
09459.png,57
13161.png,59
03248.png,48
19519.png,19
19550.png,50
04290.png,86
03386.png,84
16697.png,93
08215.png,15
04916.png,16
12224.png,24
02532.png,32
10325.png,25
12732.png,32
10297.png,93
14027.png,0
12252.png,52
01407.png,7
12343.png,43
11954.png,53
02590.png,86
00918.png,18
10817.png,17
00707.png,7
03235.png,91
19695.png,91
02540.png,40
18304.png,5
06955.png,27
11365.png,63
18263.png,61
11992.png,88
04048.png,40
03246.png,46
10657.png,55
19760.png,58
02945.png,45
11844.png,44
06706.png,6
09843.png,43
10827.png,37
05613.png,13
00534.png,34
01605.png,5
04250.png,36
12116.png,16
01210.png,10
08356.png,54
16785.png,83
12727.png,27
19641.png,40
12487.png,27
01706.png,38
10280.png,78
13137.png,27
16958.png,56
07776.png,74
06372.png,70
13564.png,62
07600.png,0
15235.png,35
09985.png,83
15170.png,68
03940.png,40
01968.png,66
13378.png,77
14431.png,31
18530.png,30
16938.png,52
04689.png,81
19701.png,1
03806.png,43
02717.png,17
02701.png,1
02799.png,95
18775.png,73
02849.png,49
03962.png,60
12959.png,57
15961.png,59
01943.png,38
13721.png,21
04519.png,19
15907.png,7
06433.png,33
08619.png,19
04966.png,64
09066.png,64
03138.png,39
10285.png,83
11988.png,85
17029.png,29
01528.png,28
01737.png,36
19476.png,75
07890.png,86
19322.png,22
19138.png,38
06462.png,60
15123.png,23
11322.png,22
11268.png,66
05293.png,89
15739.png,39
11653.png,38
09921.png,21
01172.png,70
08411.png,11
02858.png,56
15276.png,74
06557.png,55
06945.png,56
18958.png,56
09948.png,48
08609.png,9
09906.png,6
12374.png,72
00680.png,78
16520.png,20
08418.png,18
09989.png,81
06650.png,50
03854.png,53
04637.png,37
05813.png,13
06476.png,74
03678.png,76
09686.png,84
02265.png,63
10286.png,84
19824.png,24
02089.png,81
11064.png,62
06056.png,54
13657.png,55
19471.png,69
05603.png,3
16450.png,50
19020.png,20
10506.png,6
04995.png,91
16372.png,70
15906.png,38
17982.png,34
01858.png,56
11906.png,6
03737.png,37
10172.png,70
08850.png,50
03050.png,2
13665.png,63
17161.png,59
14157.png,55
14276.png,74
08174.png,72
06995.png,91
16807.png,7
10658.png,56
09654.png,53
15406.png,6
01690.png,86
11628.png,37
04710.png,10
19313.png,32
04687.png,27
19294.png,74
09765.png,63
05884.png,82
11130.png,30
03569.png,67
16475.png,73
01219.png,19
03094.png,90
01144.png,44
07381.png,79
10019.png,19
07335.png,34
18827.png,27
12057.png,55
15655.png,27
17829.png,29
08259.png,57
09466.png,64
08890.png,87
03766.png,64
12238.png,38
19279.png,77
16635.png,80
13058.png,56
10431.png,31
04265.png,63
05684.png,83
01133.png,93
10322.png,22
13510.png,10
13032.png,32
00821.png,21
14251.png,51
12802.png,2
15329.png,84
01141.png,40
15023.png,22
07693.png,89
02421.png,21
13289.png,81
11756.png,54
04406.png,6
14640.png,40
06784.png,82
02064.png,62
07688.png,85
18094.png,90
09278.png,76
19396.png,92
15896.png,92
01641.png,41
15828.png,28
02324.png,24
03106.png,6
17691.png,87
09844.png,44
16613.png,13
16490.png,86
10334.png,34
01293.png,89
18684.png,83
01611.png,64
00557.png,55
12923.png,23
12667.png,65
05368.png,66
07974.png,72
02345.png,45
04170.png,68
18681.png,79
10194.png,91
15151.png,51
09189.png,81
12285.png,83
04484.png,82
04972.png,70
15242.png,42
04761.png,59
13156.png,54
16732.png,32
15701.png,1
04754.png,53
18716.png,16
14655.png,27
13519.png,19
11100.png,0
05224.png,24
15829.png,29
06585.png,83
02072.png,70
09634.png,91
02110.png,10
05857.png,55
18011.png,11
03306.png,6
02895.png,35
08221.png,21
12254.png,53
18746.png,46
00554.png,53
08856.png,54
14198.png,94
11115.png,15
01513.png,13
16009.png,9
11994.png,91
14973.png,71
11421.png,21
01359.png,57
18507.png,7
05287.png,27
13934.png,34
19117.png,17
01069.png,67
00859.png,57
11512.png,12
09102.png,2
01557.png,55
14737.png,37
11821.png,21
07489.png,81
04218.png,18
09420.png,20
15757.png,55
01940.png,40
19167.png,65
02622.png,22
01806.png,6
13899.png,95
14226.png,37
10916.png,16
08139.png,38
13112.png,12
18462.png,60
02305.png,5
04945.png,45
00210.png,10
14578.png,76
01140.png,80
13970.png,68
10806.png,6
00186.png,84
15168.png,66
08587.png,27
16641.png,41
14810.png,10
06214.png,14
10345.png,45
17826.png,26
08077.png,75
17586.png,84
09712.png,12
15002.png,2
12886.png,84
11893.png,89
11271.png,69
16071.png,69
17569.png,67
09501.png,1
13584.png,82
15715.png,15
02645.png,56
07761.png,59
15173.png,71
14939.png,39
04251.png,50
17487.png,88
12601.png,19
18594.png,91
09169.png,67
12440.png,40
16619.png,19
15273.png,71
19063.png,61
03290.png,86
17785.png,49
04365.png,63
19580.png,78
05289.png,81
17583.png,81
00843.png,43
07278.png,76
04291.png,87
04391.png,87
16924.png,24
09437.png,37
01502.png,2
06206.png,38
01971.png,69
10910.png,10
13089.png,81
16204.png,4
12597.png,93
08791.png,87
19469.png,67
11861.png,59
06887.png,27
06869.png,67
14970.png,68
16281.png,79
10347.png,47
00839.png,39
01998.png,94
16459.png,57
19985.png,83
08748.png,48
16086.png,84
11520.png,20
04029.png,29
16852.png,38
05917.png,17
06866.png,64
12478.png,76
14932.png,65
03019.png,19
08582.png,80
02725.png,25
02783.png,81
11923.png,23
09240.png,40
19156.png,54
06386.png,84
03700.png,0
16748.png,49
15722.png,22
11303.png,3
16719.png,19
11936.png,36
02537.png,37
10025.png,25
10971.png,69
15343.png,43
13052.png,52
12015.png,15
01470.png,68
04117.png,17
00284.png,82
13823.png,23
08136.png,77
04008.png,8
09187.png,27
11454.png,53
11398.png,94
02928.png,28
02236.png,36
01894.png,91
14824.png,24
19642.png,42
17404.png,4
18074.png,73
18409.png,84
09273.png,71
15643.png,87
12356.png,54
07418.png,18
16639.png,39
01307.png,7
01879.png,77
04146.png,46
10576.png,74
15226.png,26
01295.png,91
03158.png,56
19098.png,94
03990.png,86
01116.png,16
10232.png,32
19006.png,38
17370.png,68
14815.png,15
02841.png,41
17478.png,76
12318.png,18
12384.png,82
15515.png,25
16904.png,4
02483.png,81
01030.png,30
16000.png,0
17599.png,95
00458.png,56
09529.png,29
16270.png,68
01839.png,39
07311.png,11
16076.png,74
01410.png,10
07230.png,30
12178.png,76
04118.png,18
02075.png,73
01011.png,11
01463.png,61
14348.png,48
19030.png,30
14635.png,35
08525.png,25
00804.png,4
00740.png,40
13949.png,49
19082.png,34
08441.png,41
15848.png,48
18693.png,89
05784.png,82
10560.png,58
10518.png,18
03902.png,2
17504.png,4
17112.png,12
10752.png,52
17929.png,29
01496.png,92
15102.png,2
18250.png,50
18765.png,63
16673.png,71
01465.png,53
10103.png,3
02130.png,30
16292.png,88
00686.png,84
13778.png,76
17778.png,76
08024.png,24
05457.png,55
01353.png,38
19059.png,57
02808.png,8
14408.png,8
16484.png,82
16112.png,12
00475.png,73
05739.png,39
17634.png,34
02157.png,55
10181.png,79
07929.png,29
09873.png,71
15193.png,89
03121.png,21
16460.png,58
02559.png,57
01881.png,79
03059.png,57
02172.png,70
02994.png,90
15825.png,63
04980.png,78
09861.png,59
18662.png,60
10346.png,92
05680.png,78
15496.png,92
12911.png,11
17712.png,12
16326.png,26
14225.png,25
02722.png,22
15706.png,6
15195.png,90
08393.png,89
01823.png,23
17270.png,68
16883.png,81
05334.png,80
08796.png,92
02219.png,19
13215.png,15
19464.png,8
11202.png,2
02753.png,38
04374.png,72
16658.png,56
05623.png,23
18386.png,84
08809.png,9
04234.png,80
18477.png,75
01866.png,64
04055.png,27
00958.png,56
19869.png,27
16266.png,64
17799.png,95
04994.png,91
02302.png,2
03172.png,70
10164.png,62
03333.png,33
14726.png,26
08380.png,78
13708.png,8
00651.png,51
13541.png,41
09562.png,60
18839.png,38
16258.png,56
12431.png,68
08936.png,19
06165.png,63
14967.png,65
11456.png,54
10004.png,5
10110.png,10
12662.png,53
04447.png,47
06701.png,1
15973.png,71
14700.png,0
11588.png,85
17589.png,35
01213.png,13
16803.png,3
15945.png,45
01078.png,76
08262.png,60
14594.png,90
08803.png,3
05445.png,14
05037.png,37
17066.png,64
16495.png,90
11537.png,28
04212.png,12
01758.png,56
09003.png,3
07917.png,17
03404.png,4
06296.png,92
18710.png,10
08383.png,81
00114.png,14
16763.png,61
03051.png,51
04194.png,91
10144.png,44
01903.png,3
01633.png,33
14938.png,38
15865.png,63
11186.png,84
14162.png,1
08545.png,45
06648.png,48
19867.png,65
10778.png,76
14806.png,6
17615.png,15
11068.png,66
09878.png,76
19163.png,61
15923.png,23
17142.png,42
10137.png,37
12110.png,10
09175.png,73
16193.png,89
08004.png,4
18260.png,58
01535.png,35
08540.png,40
02406.png,6
11696.png,92
01514.png,14
10933.png,33
10757.png,55
18763.png,61
18962.png,53
12182.png,34
13310.png,10
08314.png,14
00595.png,91
09312.png,12
18181.png,79
15452.png,38
19930.png,30
01855.png,27
10828.png,28
04456.png,54
01654.png,53
16966.png,64
12112.png,13
03177.png,75
14529.png,63
06660.png,58
02995.png,81
12027.png,27
15029.png,29
15113.png,13
14038.png,38
13759.png,57
10990.png,86
08500.png,25
02301.png,1
11654.png,53
17549.png,49
05324.png,24
04516.png,16
04726.png,26
01893.png,89
05460.png,58
19115.png,15
00056.png,54
07891.png,87
01164.png,62
03594.png,90
08488.png,85
01626.png,26
09811.png,10
01020.png,20
04397.png,93
17633.png,33
11826.png,26
12414.png,14
19352.png,52
04324.png,24
06641.png,40
16423.png,23
18795.png,91
17468.png,66
05045.png,44
14565.png,63
11608.png,8
00089.png,81
09546.png,46
15364.png,62
04309.png,9
00562.png,60
02182.png,34
17349.png,49
06098.png,94
17106.png,6
17281.png,79
02091.png,87
05526.png,26
16189.png,81
04773.png,71
17217.png,17
14246.png,46
10235.png,35
19371.png,69
09513.png,13
06853.png,38
02987.png,27
03488.png,81
11384.png,82
13080.png,78
07808.png,8
06070.png,68
14369.png,67
08349.png,49
08883.png,81
18651.png,51
01415.png,15
18494.png,90
19960.png,58
11092.png,88
12025.png,25
11781.png,79
14554.png,53
12626.png,63
07376.png,74
07661.png,59
00730.png,30
08144.png,44
18342.png,42
01953.png,38
14026.png,26
03661.png,59
19180.png,78
10266.png,64
07217.png,17
03595.png,91
15208.png,8
10599.png,95
01908.png,8
01910.png,10
10937.png,37
03454.png,53
18155.png,27
06503.png,3
09479.png,77
06149.png,49
01283.png,81
06167.png,65
14602.png,2
07267.png,65
07446.png,46
02434.png,80
13188.png,85
18399.png,95
15038.png,38
07431.png,31
05619.png,19
07631.png,31
15562.png,60
06777.png,75
10119.png,19
05469.png,67
08457.png,55
02451.png,51
02812.png,12
13144.png,44
19416.png,25
06497.png,93
10655.png,27
11083.png,81
03499.png,95
03684.png,82
02217.png,17
01924.png,24
04964.png,62
13536.png,36
02975.png,73
14194.png,91
11713.png,13
02938.png,38
08100.png,0
04050.png,50
14992.png,88
01701.png,1
08762.png,60
10402.png,2
16230.png,30
03759.png,57
13024.png,24
14481.png,79
01384.png,82
00581.png,79
19928.png,28
04827.png,27
06166.png,64
04001.png,0
04198.png,55
16978.png,76
03579.png,77
00874.png,72
11405.png,5
08757.png,55
02764.png,62
09015.png,15
15015.png,15
13264.png,62
09333.png,33
16108.png,9
11219.png,19
11214.png,14
06134.png,80
12416.png,16
16322.png,22
03406.png,6
06330.png,30
10460.png,58
12403.png,3
03913.png,13
05142.png,42
13859.png,57
07299.png,95
03640.png,40
04067.png,32
16536.png,36
02022.png,22
10185.png,83
18184.png,82
01717.png,17
07417.png,17
00001.png,1
04670.png,68
04724.png,24
16405.png,5
05817.png,17
12771.png,69
05890.png,86
07199.png,95
18060.png,58
18005.png,4
02526.png,26
09574.png,72
13359.png,57
13315.png,24
08693.png,89
00870.png,68
00082.png,35
01950.png,50
01905.png,5
10044.png,44
16125.png,25
13586.png,84
00787.png,27
12355.png,27
13632.png,32
12468.png,66
16741.png,41
08472.png,70
08881.png,79
06078.png,76
04081.png,79
03001.png,1
01148.png,48
05105.png,5
08312.png,12
17072.png,70
11137.png,37
08413.png,13
00109.png,9
06744.png,44
06210.png,10
06482.png,35
00439.png,39
19164.png,62
09913.png,13
06207.png,7
10662.png,53
14483.png,81
09554.png,53
14948.png,48
04545.png,45
04164.png,62
19485.png,83
00665.png,63
05238.png,38
00157.png,55
06699.png,95
09724.png,24
16305.png,92
02728.png,28
16884.png,82
15801.png,15
14781.png,79
00521.png,21
05911.png,11
15367.png,65
10486.png,84
19028.png,28
04924.png,24
07174.png,72
00204.png,4
11827.png,27
13612.png,12
17747.png,47
14151.png,51
16018.png,18
18880.png,78
04790.png,86
19820.png,20
11277.png,75
09607.png,7
03432.png,13
15559.png,57
18723.png,23
00269.png,67
04588.png,85
17616.png,16
14908.png,8
11316.png,16
03038.png,38
08352.png,52
12454.png,53
09213.png,13
11545.png,45
06364.png,62
03497.png,93
10782.png,80
05826.png,63
04126.png,26
18196.png,92
02951.png,51
12114.png,14
03245.png,45
19355.png,27
01082.png,80
10475.png,73
02495.png,91
08783.png,81
10380.png,78
02511.png,11
12147.png,47
11106.png,6
08231.png,31
18605.png,5
04928.png,28
10913.png,13
13901.png,1
19984.png,82
12419.png,19
15046.png,46
15962.png,60
02059.png,57
18083.png,81
03485.png,75
17529.png,29
19364.png,62
10303.png,3
16582.png,80
09561.png,59
02683.png,81
10252.png,52
08372.png,70
12691.png,87
06156.png,54
18618.png,18
15548.png,48
04010.png,10
17067.png,65
19706.png,6
12323.png,23
15237.png,37
17535.png,35
14312.png,12
11966.png,64
14047.png,47
19398.png,94
02170.png,68
02126.png,26
18068.png,66
02349.png,49
14390.png,86
07207.png,39
15776.png,74
05046.png,46
18755.png,27
10406.png,6
07040.png,40
19822.png,22
07942.png,42
19831.png,31
18378.png,76
11269.png,67
11438.png,38
00779.png,77
17587.png,27
19665.png,63
00803.png,3
15184.png,82
03687.png,27
06385.png,83
14197.png,93
07751.png,51
12789.png,81
02437.png,37
16483.png,81
06842.png,42
04191.png,87
06815.png,15
07492.png,88
11829.png,29
07198.png,94
04943.png,43
17901.png,1
01381.png,79
16820.png,20
11867.png,65
07250.png,50
06220.png,20
03583.png,81
19974.png,27
14125.png,25
15837.png,37
14288.png,85
14699.png,45
10404.png,5
13158.png,56
15985.png,83
05694.png,91
06276.png,74
05449.png,49
05251.png,51
08584.png,82
00512.png,12
07804.png,4
01355.png,27
00735.png,35
12616.png,16
01195.png,91
02629.png,63
13061.png,59
09524.png,24
08013.png,13
11626.png,29
12586.png,84
10988.png,85
11436.png,36
13812.png,12
10053.png,38
13935.png,35
17017.png,17
07806.png,6
17447.png,47
14335.png,35
12721.png,21
11481.png,79
15093.png,89
18853.png,38
01681.png,79
13079.png,77
14890.png,86
12230.png,30
02012.png,12
13385.png,90
02411.png,11
16279.png,77
12068.png,66
02168.png,66
08128.png,28
10749.png,49
07678.png,76
13663.png,61
14358.png,56
06940.png,40
01847.png,47
07168.png,66
06788.png,85
12443.png,43
08422.png,22
17148.png,48
19835.png,35
12939.png,39
05257.png,55
05272.png,70
12281.png,79
04795.png,91
08744.png,56
02562.png,60
16986.png,84
18976.png,74
02171.png,59
17314.png,14
04083.png,81
01304.png,5
01065.png,63
15027.png,27
16901.png,27
17806.png,6
06649.png,49
02454.png,53
13462.png,60
16752.png,52
09463.png,61
06159.png,57
12729.png,29
14658.png,56
02485.png,83
00852.png,38
18285.png,83
06515.png,15
00124.png,24
02061.png,59
18843.png,43
04285.png,83
11334.png,80
07577.png,75
17688.png,85
16330.png,30
04596.png,92
15835.png,35
14137.png,37
08896.png,92
18781.png,79
03557.png,55
03257.png,55
14649.png,49
14115.png,15
17108.png,8
01653.png,39
09505.png,5
18849.png,49
19788.png,91
14292.png,88
02891.png,87
14720.png,20
08705.png,5
13828.png,28
05534.png,34
17889.png,81
04363.png,14
15568.png,66
07741.png,41
11766.png,64
15118.png,18
06732.png,32
02561.png,59
13667.png,65
04169.png,67
18995.png,91
15599.png,54
12582.png,80
00674.png,72
13862.png,60
03943.png,87
12392.png,88
15816.png,16
08270.png,68
15313.png,13
12559.png,57
19303.png,3
01334.png,34
16161.png,59
08837.png,37
12752.png,52
12093.png,89
00394.png,91
06043.png,38
10955.png,27
01468.png,66
07568.png,66
16562.png,29
17000.png,0
03691.png,87
09296.png,92
18762.png,60
04125.png,25
18614.png,14
15483.png,81
19533.png,33
13260.png,58
12528.png,28
13684.png,82
10468.png,66
10157.png,55
05391.png,87
08241.png,41
07745.png,45
06819.png,19
13273.png,71
12540.png,40
10159.png,57
06653.png,38
13491.png,87
00215.png,15
12618.png,18
13034.png,34
16341.png,41
01577.png,75
08814.png,14
04981.png,79
19817.png,17
08707.png,7
12927.png,27
16776.png,74
08539.png,14
08163.png,61
13716.png,16
14471.png,69
01965.png,63
06938.png,38
13321.png,21
05214.png,14
09436.png,36
15541.png,41
03865.png,63
06963.png,61
04240.png,40
08603.png,3
11522.png,22
12603.png,3
15354.png,53
06723.png,23
16352.png,52
03408.png,8
08479.png,77
13554.png,1
19944.png,44
03253.png,38
05151.png,51
14768.png,66
06666.png,64
08316.png,16
01816.png,16
00253.png,38
14278.png,76
02174.png,72
15456.png,54
04842.png,86
11493.png,89
14230.png,30
15629.png,27
16128.png,28
19623.png,23
02132.png,32
15055.png,27
02632.png,32
02743.png,43
12569.png,67
19221.png,21
03850.png,50
00669.png,67
05506.png,38
01592.png,88
05880.png,78
12974.png,72
01614.png,14
01578.png,76
03344.png,44
00537.png,37
03818.png,18
17489.png,81
14066.png,64
01183.png,81
08847.png,47
15040.png,40
11299.png,95
11292.png,88
09953.png,38
11088.png,85
02222.png,22
14073.png,71
01745.png,45
05354.png,53
01951.png,51
00357.png,55
00898.png,94
12851.png,51
16890.png,86
08968.png,66
07023.png,22
01585.png,83
17568.png,66
02204.png,4
16468.png,66
15838.png,52
08848.png,48
11305.png,4
13987.png,27
19123.png,23
08978.png,76
09306.png,6
16660.png,58
14153.png,38
13473.png,71
12909.png,2
09129.png,29
19572.png,70
16563.png,61
01573.png,71
08481.png,79
06188.png,85
10603.png,3
08068.png,66
16519.png,19
01651.png,51
03635.png,35
09330.png,30
14423.png,23
19097.png,93
10667.png,65
06365.png,63
10627.png,27
10901.png,1
02191.png,87
00773.png,71
12366.png,64
18374.png,72
15764.png,62
02943.png,43
19911.png,11
13096.png,92
09449.png,49
11090.png,86
06548.png,48
15332.png,32
09354.png,53
08615.png,15
03453.png,38
13145.png,45
13135.png,91
07210.png,10
17882.png,34
16058.png,45
10977.png,75
17505.png,5
13950.png,50
19166.png,64
17537.png,37
03838.png,38
17891.png,87
16479.png,77
04259.png,57
09898.png,94
06808.png,8
06722.png,22
10482.png,80
13402.png,2
19192.png,88
18346.png,46
18978.png,76
11169.png,67
07638.png,38
13552.png,52
01695.png,90
19129.png,29
04389.png,81
03281.png,79
04550.png,50
16524.png,24
17875.png,73
01056.png,54
00818.png,18
18974.png,72
12279.png,76
00057.png,55
17246.png,46
05642.png,42
08189.png,35
10645.png,45
07968.png,66
09092.png,88
17305.png,5
00489.png,81
18492.png,88
18439.png,39
04017.png,17
19236.png,50
09661.png,59
00834.png,34
00945.png,45
11661.png,59
17890.png,86
16567.png,65
09042.png,42
18864.png,62
00847.png,47
11592.png,88
00950.png,50
17419.png,19
14275.png,73
13190.png,39
05435.png,35
13236.png,36
04229.png,29
12513.png,13
08301.png,1
14446.png,46
04419.png,19
14210.png,10
15787.png,27
11235.png,35
04287.png,27
01155.png,27
18848.png,48
19237.png,37
16419.png,19
08071.png,69
03424.png,24
09756.png,55
15709.png,9
11338.png,38
01397.png,93
06174.png,72
09719.png,19
11521.png,21
15654.png,53
19222.png,22
11032.png,50
08601.png,1
12211.png,11
14262.png,60
02409.png,9
06729.png,8
07428.png,28
05568.png,66
11843.png,38
01247.png,94
07408.png,8
16187.png,27
02385.png,83
00957.png,55
04775.png,73
07610.png,10
01439.png,39
16283.png,81
12159.png,57
00701.png,20
12078.png,76
17257.png,55
02401.png,1
06714.png,14
08879.png,77
19392.png,88
02821.png,21
14316.png,16
04162.png,60
06245.png,45
05633.png,33
06327.png,27
15014.png,14
14573.png,71
15666.png,64
01203.png,3
12432.png,32
03376.png,74
17088.png,85
19624.png,24
09076.png,74
02402.png,2
01373.png,71
09952.png,52
11209.png,9
05337.png,50
09729.png,29
14506.png,6
13429.png,29
19435.png,35
04835.png,35
04848.png,48
12229.png,29
01770.png,68
11735.png,35
17225.png,25
13705.png,5
12770.png,68
00809.png,8
06929.png,29
02708.png,8
08456.png,54
12633.png,85
08031.png,31
16084.png,82
10654.png,53
19076.png,74
11544.png,44
00860.png,58
10092.png,88
16464.png,62
06305.png,5
12342.png,42
03822.png,22
03768.png,76
01694.png,90
04054.png,53
19185.png,83
06262.png,60
12551.png,51
12800.png,15
15391.png,87
18357.png,55
08651.png,51
12021.png,21
05621.png,21
00432.png,32
09500.png,0
15338.png,38
08453.png,38
12756.png,54
06696.png,92
07391.png,87
11074.png,72
05774.png,72
05777.png,75
07436.png,36
06904.png,4
11548.png,48
19356.png,54
14368.png,66
10161.png,59
12615.png,63
04930.png,30
09770.png,68
00930.png,30
05892.png,88
19494.png,91
18328.png,28
09151.png,40
01273.png,71
00589.png,81
18504.png,4
18077.png,75
14064.png,62
12058.png,56
14983.png,81
03027.png,27
07518.png,18
15555.png,27
18407.png,32
12462.png,60
06984.png,82
10526.png,26
16623.png,23
08656.png,54
14802.png,2
02039.png,39
03141.png,41
15068.png,66
09601.png,1
14273.png,71
07011.png,11
19585.png,83
02102.png,2
06104.png,4
18126.png,60
09439.png,39
17690.png,86
09602.png,2
02162.png,60
13724.png,24
09362.png,60
11012.png,12
04701.png,1
15679.png,85
04378.png,76
08230.png,30
17851.png,51
04434.png,80
02057.png,55
10497.png,93
17980.png,78
08200.png,0
19373.png,71
00340.png,37
16957.png,55
03631.png,31
05523.png,23
06712.png,12
13352.png,38
11886.png,84
08844.png,44
11325.png,25
08092.png,88
09876.png,74
01071.png,69
17598.png,94
07046.png,46
03596.png,92
02957.png,54
11816.png,16
15813.png,12
01447.png,47
06403.png,3
16917.png,17
07055.png,27
05815.png,15
06943.png,43
00989.png,81
16316.png,16
09492.png,88
05507.png,7
12499.png,95
15991.png,87
05096.png,92
18145.png,45
13401.png,1
13872.png,70
17359.png,57
17513.png,13
15030.png,30
19901.png,1
16447.png,47
02619.png,19
06485.png,83
06877.png,74
01272.png,70
15868.png,66
07232.png,32
07945.png,45
05429.png,29
17302.png,2
02176.png,87
15465.png,63
04908.png,8
07076.png,74
14795.png,35
15974.png,72
02814.png,20
03378.png,76
07439.png,52
11495.png,91
04872.png,70
12090.png,86
18994.png,91
14294.png,91
15394.png,90
12521.png,21
00785.png,83
12157.png,55
19909.png,9
07414.png,14
00789.png,12
09461.png,59
13292.png,88
05733.png,33
15026.png,26
10329.png,29
13484.png,82
03286.png,84
14964.png,62
17861.png,59
03491.png,87
16011.png,11
00580.png,78
12574.png,72
07771.png,69
18310.png,10
11875.png,73
16136.png,36
10187.png,27
02161.png,59
12085.png,83
09484.png,57
17807.png,7
10205.png,5
16374.png,72
14585.png,83
08626.png,26
05691.png,87
14790.png,86
02979.png,77
05593.png,89
17192.png,88
16786.png,84
18688.png,85
02379.png,77
03941.png,41
08763.png,61
14960.png,58
00882.png,80
12219.png,0
17398.png,94
06880.png,78
19922.png,22
13492.png,88
19926.png,26
05304.png,4
17343.png,43
01309.png,9
12717.png,17
05676.png,74
16638.png,38
17974.png,72
19002.png,2
08264.png,62
02789.png,81
11811.png,11
13957.png,55
16652.png,52
06373.png,71
03858.png,57
18872.png,70
11677.png,75
02894.png,90
05288.png,85
03232.png,32
08048.png,48
18441.png,75
05248.png,48
10109.png,9
16066.png,64
17999.png,95
19021.png,21
11590.png,86
06924.png,24
16612.png,12
14693.png,89
17899.png,95
14468.png,66
16628.png,28
11753.png,38
11642.png,42
19883.png,35
03563.png,61
09243.png,43
15992.png,88
14739.png,38
11671.png,69
01464.png,62
17966.png,64
19782.png,80
00929.png,29
06884.png,82
10058.png,56
14733.png,33
15089.png,81
08511.png,11
02276.png,74
16340.png,40
10062.png,62
08306.png,6
08864.png,62
00136.png,36
17421.png,21
09291.png,87
07296.png,48
17307.png,7
02982.png,80
17350.png,15
15807.png,7
04937.png,37
01906.png,6
15255.png,27
16268.png,66
17185.png,83
19174.png,72
14079.png,68
00037.png,27
08083.png,81
04464.png,62
08549.png,49
13397.png,93
04110.png,10
00054.png,53
19711.png,11
12245.png,45
09755.png,27
13023.png,23
00868.png,66
18935.png,35
19838.png,38
01630.png,30
18138.png,38
10999.png,95
17068.png,66
09177.png,75
17609.png,9
07495.png,81
04653.png,38
15827.png,27
17361.png,59
16908.png,8
00530.png,30
11288.png,85
03954.png,53
11899.png,95
05389.png,81
07059.png,57
03752.png,52
00095.png,91
13904.png,5
02129.png,29
12655.png,27
13198.png,94
04100.png,0
03745.png,45
11244.png,44
05883.png,91
14166.png,64
15005.png,5
11955.png,27
14031.png,31
11097.png,93
15729.png,29
08641.png,81
05128.png,47
02389.png,81
09394.png,90
08492.png,88
16412.png,12
12312.png,12
03067.png,65
04715.png,24
14362.png,60
07270.png,68
10509.png,9
11535.png,35
06783.png,81
16733.png,32
16599.png,95
05325.png,25
14268.png,66
08003.png,3
02374.png,72
09083.png,81
07464.png,62
17374.png,72
10534.png,34
12336.png,36
08650.png,50
19946.png,46
12542.png,42
15850.png,39
07365.png,63
01413.png,13
08971.png,69
07106.png,6
00085.png,83
01716.png,16
03534.png,34
00316.png,16
07641.png,41
05546.png,46
12562.png,60
16826.png,26
03131.png,31
12560.png,58
12899.png,95
13515.png,15
10343.png,43
13070.png,68
10670.png,68
19749.png,72
12380.png,78
00613.png,13
08087.png,27
15101.png,7
11932.png,32
11971.png,69
06619.png,19
07066.png,64
11720.png,20
13642.png,42
02642.png,42
04301.png,1
14059.png,2
01389.png,81
03480.png,78
17827.png,27
06268.png,66
02054.png,53
04839.png,39
18168.png,66
03234.png,80
17170.png,68
12038.png,38
10387.png,27
08251.png,51
19395.png,91
13936.png,36
03439.png,39
08214.png,14
14488.png,85
16044.png,44
18137.png,37
00961.png,59
11333.png,33
02970.png,68
11759.png,57
18550.png,50
14381.png,79
07650.png,50
10609.png,9
11077.png,75
00043.png,43
07994.png,90
09262.png,60
08616.png,16
15617.png,17
11518.png,18
14140.png,40
07173.png,71
06195.png,91
02520.png,20
06162.png,60
13487.png,27
01980.png,78
11616.png,16
18636.png,36
19914.png,14
06181.png,79
06375.png,73
03602.png,2
11094.png,35
11663.png,61
05644.png,44
11662.png,60
10729.png,29
09381.png,79
13628.png,28
19269.png,67
00541.png,41
12568.png,66
13799.png,95
19512.png,12
19287.png,27
12426.png,26
07053.png,38
09929.png,29
09117.png,17
13101.png,1
10243.png,87
15960.png,58
07262.png,60
01835.png,35
12689.png,81
14966.png,64
01179.png,77
12706.png,6
14832.png,32
16174.png,72
15697.png,93
00208.png,8
16321.png,21
03793.png,89
10903.png,3
12938.png,38
12383.png,81
03645.png,45
08842.png,87
19010.png,10
14544.png,44
18261.png,59
02096.png,92
19806.png,6
12814.png,14
16706.png,6
05125.png,25
02201.png,1
10067.png,65
05875.png,73
13330.png,30
13594.png,81
19267.png,65
05900.png,0
16087.png,27
00319.png,19
06231.png,31
06391.png,87
19510.png,10
06724.png,24
16457.png,55
03383.png,35
19798.png,94
08682.png,80
18092.png,88
11991.png,87
16939.png,86
15727.png,27
19507.png,7
08290.png,86
06127.png,27
17387.png,27
10826.png,26
00753.png,38
11120.png,20
11513.png,13
06636.png,15
07898.png,94
19146.png,46
02422.png,22
19858.png,56
02303.png,3
00452.png,52
12575.png,73
08691.png,87
01250.png,50
13679.png,76
19080.png,78
06428.png,28
17509.png,9
14123.png,23
02819.png,19
04799.png,95
01526.png,26
05161.png,59
17412.png,12
16513.png,13
03816.png,16
08872.png,70
06440.png,40
14128.png,28
15201.png,1
05442.png,42
10131.png,31
15597.png,93
07316.png,16
01039.png,39
15792.png,88
07303.png,3
12546.png,46
12407.png,7
04468.png,66
18821.png,21
04636.png,36
10436.png,37
06487.png,27
10258.png,56
18430.png,30
00188.png,85
08315.png,15
18961.png,59
02980.png,78
15615.png,15
03552.png,52
05483.png,81
07955.png,27
10242.png,42
14875.png,73
02151.png,51
07571.png,69
02525.png,25
06643.png,43
01341.png,41
07111.png,11
08875.png,73
17732.png,92
03157.png,55
01365.png,63
08509.png,9
03192.png,88
16172.png,70
04747.png,47
02801.png,67
13403.png,3
01995.png,91
05436.png,36
18798.png,94
18970.png,68
00377.png,75
10328.png,28
08066.png,64
17731.png,68
03918.png,18
06536.png,36
09086.png,84
04557.png,55
12994.png,90
04042.png,42
07862.png,60
11018.png,18
15612.png,12
06628.png,28
03239.png,39
18229.png,63
16201.png,1
01771.png,14
10893.png,89
11926.png,26
12420.png,20
16987.png,27
11054.png,48
19029.png,29
06710.png,10
02101.png,1
12503.png,3
06277.png,75
17700.png,0
12694.png,90
14478.png,76
11902.png,2
11684.png,82
19402.png,2
11878.png,76
14124.png,24
11483.png,81
02362.png,29
19188.png,85
06917.png,17
01942.png,42
03679.png,77
04777.png,75
14277.png,75
09857.png,55
00280.png,78
17963.png,61
19815.png,15
17934.png,34
03399.png,84
16313.png,13
04236.png,36
10719.png,19
17707.png,7
16271.png,69
19789.png,81
00889.png,51
15731.png,31
19458.png,56
18894.png,90
05473.png,71
19919.png,19
18314.png,25
16209.png,9
10122.png,22
15717.png,49
14464.png,62
10795.png,90
10581.png,79
06384.png,82
14372.png,70
06939.png,39
14604.png,4
01261.png,59
10416.png,16
16512.png,12
11197.png,93
19923.png,23
00354.png,53
11778.png,76
16965.png,63
18713.png,12
00890.png,38
07863.png,61
18678.png,76
06500.png,0
03396.png,92
17547.png,47
10552.png,39
17817.png,17
01305.png,5
00663.png,61
03423.png,23
11254.png,53
04472.png,70
08094.png,90
04770.png,68
04676.png,74
05438.png,38
12897.png,93
00514.png,14
05278.png,76
07241.png,41
11311.png,11
06685.png,83
02461.png,59
15218.png,18
04671.png,69
04806.png,6
12002.png,2
14793.png,89
17114.png,14
13553.png,38
00171.png,69
16042.png,42
07385.png,83
15376.png,81
11767.png,65
09580.png,78
13203.png,3
07127.png,27
00266.png,64
02003.png,3
01843.png,43
19095.png,35
15547.png,47
11837.png,36
14447.png,47
15790.png,86
16764.png,62
18598.png,94
11476.png,74
14587.png,27
05495.png,35
05140.png,40
00344.png,44
19690.png,86
00607.png,7
16973.png,70
18093.png,89
08304.png,5
12369.png,67
07727.png,27
08338.png,38
12260.png,58
11028.png,28
09831.png,31
03983.png,81
11313.png,13
03883.png,81
12022.png,22
01375.png,73
14651.png,51
16528.png,28
08078.png,76
16181.png,79
06371.png,69
03689.png,81
05073.png,71
19050.png,50
17491.png,87
09927.png,27
12843.png,43
03817.png,31
10533.png,33
06283.png,81
09308.png,8
17863.png,61
05796.png,92
12778.png,76
06350.png,50
16870.png,68
02528.png,28
09089.png,81
10774.png,72
13199.png,95
07404.png,4
14936.png,36
18152.png,52
10671.png,69
04035.png,35
04398.png,94
11110.png,11
11617.png,17
19973.png,71
08965.png,63
04107.png,7
00407.png,7
07740.png,40
08410.png,10
05030.png,30
17038.png,38
18394.png,91
17175.png,73
01621.png,21
01867.png,65
06419.png,19
08805.png,5
01687.png,27
10381.png,79
09537.png,37
10502.png,2
12670.png,68
13575.png,73
03302.png,2
10348.png,48
17129.png,60
14957.png,55
09056.png,54
08561.png,59
04530.png,30
15050.png,50
11733.png,33
04958.png,56
14493.png,89
02288.png,85
18408.png,8
12408.png,9
14416.png,16
15232.png,32
08995.png,91
07606.png,6
05353.png,38
15783.png,91
12375.png,73
01685.png,83
08447.png,47
06132.png,9
12631.png,31
14941.png,41
00006.png,38
12251.png,50
19522.png,22
05219.png,19
07044.png,44
08708.png,9
06306.png,6
10390.png,86
04196.png,92
13845.png,45
19724.png,24
00840.png,40
08368.png,66
15551.png,51
15785.png,83
01029.png,29
19096.png,92
06347.png,47
07822.png,22
06072.png,70
09044.png,44
19678.png,76
06178.png,76
13346.png,46
04109.png,9
10942.png,42
09443.png,43
04720.png,20
19689.png,81
18845.png,45
07681.png,79
10494.png,91
13323.png,23
14911.png,11
12040.png,40
04917.png,17
12908.png,8
10453.png,38
06032.png,32
07263.png,61
05212.png,13
01704.png,4
03149.png,49
12922.png,22
05797.png,93
00763.png,61
11171.png,69
03247.png,47
11065.png,63
03097.png,93
07513.png,13
09141.png,41
07658.png,56
09509.png,9
01434.png,34
03544.png,44
17169.png,67
01151.png,51
11782.png,80
02227.png,27
18121.png,21
11790.png,86
15336.png,36
05908.png,8
00775.png,73
00035.png,35
00296.png,92
17117.png,17
09922.png,22
01590.png,86
14841.png,41
10095.png,91
08903.png,3
08332.png,32
11237.png,37
12056.png,54
11188.png,85
06518.png,18
12466.png,64
16133.png,49
17527.png,27
11192.png,88
06841.png,41
07128.png,28
15372.png,70
06787.png,27
19246.png,46
03898.png,94
12715.png,15
12663.png,61
12294.png,91
04760.png,58
17987.png,27
13815.png,15
03762.png,60
15381.png,79
15065.png,63
13785.png,83
05269.png,67
03628.png,28
17666.png,64
14143.png,43
04607.png,7
08482.png,35
16225.png,73
09979.png,77
02621.png,21
18204.png,4
10314.png,14
00815.png,15
00356.png,54
00190.png,86
17979.png,77
15665.png,63
18392.png,88
01316.png,16
15494.png,90
07859.png,57
07236.png,36
18473.png,71
13853.png,38
02930.png,30
19772.png,70
18613.png,13
00519.png,94
19672.png,71
00864.png,62
08042.png,42
03559.png,83
00048.png,48
06654.png,53
01451.png,51
10932.png,32
08970.png,68
12304.png,4
16879.png,77
14761.png,59
17087.png,27
07403.png,3
05643.png,43
09862.png,60
15069.png,67
05206.png,6
04088.png,85
19722.png,22
19370.png,68
13130.png,30
00639.png,39
11079.png,77
10911.png,11
12875.png,73
15215.png,15
02458.png,56
06309.png,9
18802.png,2
05721.png,21
12719.png,19
10638.png,38
03364.png,62
05344.png,44
03961.png,59
14871.png,69
00895.png,91
10640.png,40
05539.png,94
16640.png,41
12442.png,42
02275.png,73
16473.png,71
12421.png,21
12690.png,86
17936.png,77
05852.png,52
19283.png,81
14259.png,57
11358.png,56
06411.png,11
06266.png,64
07382.png,80
02762.png,60
09713.png,13
18983.png,91
13409.png,9
09840.png,40
06016.png,16
01331.png,31
08361.png,59
04854.png,53
18828.png,28
18679.png,77
10492.png,88
18040.png,40
19064.png,62
11183.png,81
01634.png,34
04921.png,21
00074.png,72
19430.png,30
00844.png,44
18625.png,25
03006.png,6
09198.png,94
05516.png,16
18131.png,31
16666.png,64
04772.png,70
11220.png,20
01561.png,59
11569.png,67
05812.png,12
09884.png,82
05298.png,94
18668.png,66
07161.png,59
06031.png,31
09895.png,91
09216.png,16
18589.png,81
16813.png,13
05028.png,28
00508.png,8
10288.png,85
08637.png,37
15898.png,94
14224.png,24
10912.png,12
18434.png,80
13557.png,55
08532.png,32
09592.png,88
04829.png,29
14747.png,47
06184.png,82
06728.png,28
08998.png,94
06534.png,34
03956.png,54
07190.png,86
13494.png,80
00323.png,23
00664.png,62
11479.png,77
13133.png,33
07249.png,49
11095.png,91
08618.png,18
05695.png,90
09749.png,49
01421.png,21
13412.png,12
04007.png,7
00559.png,57
01596.png,92
04665.png,63
06577.png,75
04559.png,57
03359.png,57
09043.png,87
12269.png,67
16514.png,14
10623.png,23
19153.png,38
09419.png,19
04648.png,48
09688.png,85
14614.png,14
09360.png,8
19647.png,47
05582.png,80
01453.png,38
00345.png,45
05454.png,53
04898.png,94
06131.png,31
12590.png,86
10354.png,53
09453.png,38
09022.png,22
06263.png,14
10422.png,22
09404.png,5
07990.png,87
16025.png,25
03541.png,41
06618.png,18
17337.png,37
06027.png,27
17867.png,65
10960.png,58
06755.png,27
09856.png,54
05527.png,27
06339.png,38
08528.png,28
17760.png,59
03227.png,27
01350.png,50
17808.png,8
02845.png,45
04970.png,68
11016.png,16
05039.png,38
15885.png,83
06919.png,19
07828.png,28
04120.png,20
10980.png,78
11511.png,11
18541.png,40
15504.png,4
10020.png,20
07996.png,92
16871.png,69
02748.png,48
03419.png,19
12866.png,64
04478.png,76
04103.png,3
14591.png,87
05671.png,69
15238.png,38
18748.png,49
07298.png,94
04355.png,27
18414.png,14
02056.png,54
03363.png,61
01918.png,18
17699.png,56
09318.png,18
19649.png,49
16455.png,27
13184.png,82
01442.png,42
09598.png,94
09346.png,46
07063.png,61
07874.png,72
17910.png,10
05832.png,32
04610.png,10
13124.png,24
10625.png,26
09331.png,10
10106.png,6
00369.png,67
09067.png,65
13258.png,56
03888.png,85
16294.png,91
10022.png,22
13329.png,29
19321.png,21
15197.png,93
05673.png,71
19149.png,49
09544.png,44
05833.png,33
15830.png,30
16006.png,6
00174.png,72
19160.png,58
09693.png,89
13526.png,26
17600.png,0
19302.png,2
02354.png,53
18035.png,35
19128.png,28
16188.png,85
10445.png,56
01068.png,66
01137.png,37
15553.png,38
07474.png,72
05987.png,67
17791.png,87
12844.png,44
07379.png,77
04245.png,45
19742.png,42
17885.png,83
14218.png,18
07660.png,58
08289.png,81
03617.png,17
04046.png,46
01829.png,29
11026.png,26
14475.png,73
13332.png,32
15294.png,91
03176.png,74
04300.png,0
05187.png,15
18508.png,8
15651.png,51
09281.png,79
12173.png,71
09168.png,66
02135.png,35
10787.png,27
03332.png,32
10054.png,53
18801.png,83
03086.png,84
00090.png,86
16104.png,4
19434.png,81
18459.png,57
14032.png,32
17280.png,78
05193.png,89
06367.png,65
11297.png,93
16533.png,33
02137.png,37
09440.png,40
09851.png,51
07228.png,28
10760.png,58
06834.png,34
14607.png,7
01923.png,23
06123.png,23
18639.png,39
11312.png,12
06116.png,16
00286.png,84
14688.png,85
16498.png,94
00070.png,68
17695.png,91
00925.png,25
11342.png,42
15826.png,88
07107.png,7
05231.png,31
09373.png,71
06273.png,70
00451.png,51
15514.png,14
12041.png,41
11688.png,85
05814.png,14
10211.png,11
18282.png,34
17641.png,41
10496.png,92
14900.png,0
08389.png,81
04882.png,35
12761.png,59
16646.png,46
09783.png,81
10926.png,72
14515.png,63
14955.png,27
09203.png,3
16923.png,23
01518.png,18
12315.png,15
08067.png,65
14842.png,42
04446.png,46
16905.png,5
02681.png,79
17499.png,95
17194.png,90
10349.png,49
12113.png,13
08787.png,27
13561.png,59
06800.png,0
16039.png,39
05877.png,75
13229.png,29
17059.png,57
05000.png,0
10362.png,53
04098.png,94
18959.png,57
02627.png,27
02376.png,74
07787.png,27
14893.png,36
11463.png,61
04718.png,18
08293.png,89
02475.png,73
05013.png,13
11562.png,60
05213.png,13
17354.png,53
06879.png,77
09030.png,30
06668.png,66
07477.png,75
05822.png,22
18812.png,12
05675.png,67
19795.png,91
00936.png,36
00748.png,48
19779.png,77
08734.png,34
02834.png,34
07985.png,83
14114.png,14
14788.png,85
11060.png,58
11249.png,49
00547.png,47
02386.png,84
13389.png,91
04116.png,16
12986.png,84
15534.png,34
07383.png,81
01986.png,84
08943.png,43
05535.png,35
00507.png,7
18147.png,47
00797.png,93
16141.png,40
13941.png,40
13671.png,69
02524.png,24
03930.png,30
02127.png,27
13364.png,62
10815.png,15
01063.png,61
14403.png,3
02797.png,93
17995.png,91
01303.png,3
19921.png,21
12907.png,7
00616.png,16
08075.png,73
10541.png,41
02490.png,86
01095.png,81
05339.png,39
10629.png,29
02759.png,57
11143.png,43
13603.png,3
04377.png,75
16113.png,13
03324.png,24
15335.png,35
17184.png,82
17755.png,27
16572.png,70
06707.png,83
17551.png,51
06626.png,26
06012.png,12
13506.png,6
19122.png,22
00670.png,68
06026.png,26
16773.png,71
18410.png,10
05662.png,60
00473.png,71
11440.png,40
03217.png,17
14820.png,20
16564.png,62
06473.png,71
11888.png,91
15649.png,49
00375.png,73
03115.png,15
05572.png,70
13454.png,53
07615.png,15
00426.png,26
08660.png,58
17687.png,27
13884.png,83
12889.png,74
15450.png,50
05712.png,12
08583.png,81
05228.png,28
11239.png,39
16347.png,47
14865.png,63
12864.png,62
17233.png,33
15588.png,85
16679.png,77
14883.png,81
15371.png,69
16902.png,2
00411.png,11
13275.png,73
05556.png,54
19277.png,75
13040.png,40
04043.png,43
17898.png,94
04425.png,25
12846.png,46
10363.png,61
03503.png,3
05588.png,85
01165.png,15
16809.png,9
07748.png,48
05871.png,69
03590.png,86
06151.png,81
13830.png,30
04695.png,91
01996.png,92
03117.png,31
17453.png,38
12357.png,55
17570.png,68
15714.png,14
16376.png,74
00192.png,88
06779.png,77
09054.png,48
12004.png,4
14386.png,84
06522.png,22
09486.png,84
11287.png,27
10231.png,32
05560.png,58
00420.png,20
02646.png,46
11449.png,49
01601.png,1
09100.png,0
05058.png,56
02027.png,27
03964.png,62
12788.png,85
12874.png,72
10437.png,37
06211.png,11
06264.png,62
05471.png,69
05233.png,33
17309.png,9
17399.png,95
16215.png,15
16367.png,65
02177.png,75
12191.png,87
18946.png,46
04311.png,11
16290.png,86
10606.png,6
09064.png,62
16148.png,48
12718.png,18
17201.png,1
15401.png,1
18445.png,14
17276.png,75
05423.png,23
15470.png,68
16808.png,8
10769.png,67
11213.png,13
04499.png,95
08317.png,17
17332.png,18
17750.png,45
19681.png,79
17623.png,23
10136.png,36
18201.png,1
17402.png,2
10344.png,44
12334.png,34
04296.png,92
02618.png,18
14934.png,34
13580.png,78
08753.png,39
01914.png,14
11595.png,91
12751.png,51
00223.png,23
11408.png,8
07784.png,82
00494.png,90
08608.png,8
03939.png,39
07360.png,58
12977.png,75
15810.png,10
10377.png,75
04909.png,9
14034.png,80
13619.png,18
11710.png,10
07850.png,50
01285.png,83
10869.png,67
15806.png,6
06438.png,38
08573.png,71
01066.png,64
03069.png,67
00047.png,47
07196.png,92
03030.png,30
04037.png,28
18023.png,23
08733.png,33
12436.png,36
07095.png,34
01477.png,75
02058.png,56
17149.png,49
19502.png,2
13193.png,89
04011.png,11
08613.png,13
16836.png,49
01152.png,52
03802.png,2
09778.png,76
10981.png,79
18231.png,31
13806.png,6
05957.png,54
03112.png,12
12552.png,52
06981.png,79
12749.png,49
15077.png,75
16684.png,1
02245.png,45
11167.png,65
05203.png,3
07728.png,61
18411.png,11
18960.png,58
05611.png,27
13636.png,36
11135.png,34
13069.png,67
07411.png,11
12473.png,71
06390.png,39
17561.png,59
09793.png,89
01251.png,80
13365.png,63
04393.png,89
11470.png,68
03560.png,58
15459.png,57
16082.png,91
16625.png,25
12520.png,20
11126.png,26
06545.png,45
18290.png,39
19920.png,20
06835.png,80
17379.png,77
12427.png,27
05923.png,23
15389.png,81
14533.png,5
03394.png,90
17522.png,22
00656.png,54
19491.png,87
14017.png,31
15640.png,40
13320.png,20
05321.png,21
17157.png,55
03166.png,64
17347.png,47
07253.png,38
05990.png,86
14311.png,11
12604.png,4
04549.png,49
16581.png,79
14766.png,64
05704.png,4
11864.png,62
06010.png,10
03054.png,53
06913.png,13
18004.png,4
12192.png,88
04723.png,23
10921.png,21
12623.png,23
06392.png,88
13057.png,55
16320.png,20
15984.png,82
15500.png,0
05178.png,76
03668.png,66
06832.png,32
09682.png,80
08303.png,3
16477.png,75
19043.png,43
01013.png,13
05209.png,9
09145.png,45
11891.png,87
18799.png,95
16700.png,0
07047.png,47
08885.png,83
05152.png,52
00496.png,92
12330.png,30
13118.png,18
11855.png,27
13046.png,46
04076.png,74
14282.png,34
15580.png,78
06854.png,53
08219.png,19
02820.png,20
19437.png,37
02497.png,93
03996.png,92
09666.png,64
06307.png,7
10041.png,41
04326.png,26
06851.png,51
01326.png,29
01731.png,17
15316.png,16
03173.png,71
02195.png,91
13571.png,69
19468.png,66
17728.png,28
09612.png,12
14050.png,50
19792.png,88
03482.png,35
00736.png,36
17886.png,84
05910.png,10
04244.png,44
10748.png,48
00655.png,27
19662.png,60
12244.png,44
01650.png,50
18206.png,6
04294.png,90
03804.png,5
08442.png,42
08131.png,31
03672.png,70
17290.png,86
06602.png,2
04508.png,8
03421.png,21
03007.png,7
14320.png,20
09194.png,81
07703.png,3
04502.png,2
11524.png,24
13604.png,4
10983.png,81
00729.png,29
01126.png,26
19862.png,60
14598.png,94
10715.png,53
10452.png,52
18807.png,7
14753.png,39
07143.png,43
17322.png,22
16663.png,61
10086.png,84
16216.png,16
02988.png,85
02084.png,82
01333.png,33
18109.png,9
17613.png,13
19252.png,52
06011.png,11
08287.png,27
11646.png,50
08235.png,35
06627.png,27
04864.png,62
18606.png,6
18189.png,81
07079.png,77
14421.png,21
07429.png,29
04890.png,86
15605.png,5
00217.png,17
12635.png,34
13843.png,43
02973.png,71
11251.png,51
10693.png,89
18163.png,61
02939.png,39
03056.png,54
15484.png,82
01194.png,91
07885.png,83
08754.png,53
05521.png,21
08344.png,44
02095.png,91
14706.png,6
02666.png,64
11555.png,27
03160.png,58
09123.png,23
11523.png,23
00039.png,39
10093.png,89
02589.png,81
06037.png,4
00805.png,5
17193.png,89
12095.png,91
19234.png,34
15741.png,41
13239.png,39
03797.png,93
12404.png,4
07911.png,11
14835.png,35
00172.png,70
00956.png,54
16034.png,34
09165.png,63
19744.png,44
17635.png,35
07386.png,84
16853.png,39
08863.png,61
18321.png,21
15579.png,77
00118.png,18
06158.png,56
12675.png,73
18382.png,80
07100.png,0
19826.png,27
15508.png,8
03527.png,27
10282.png,80
09349.png,49
14852.png,52
15889.png,81
11578.png,76
14240.png,41
01416.png,16
19501.png,1
06271.png,69
08119.png,19
18911.png,11
03409.png,9
08002.png,2
07835.png,35
08258.png,56
05301.png,1
19242.png,42
13797.png,93
09319.png,19
03992.png,67
16434.png,34
06460.png,58
07164.png,62
15956.png,54
19924.png,24
14632.png,32
05393.png,89
14122.png,22
13938.png,38
08564.png,62
15132.png,32
15346.png,46
12470.png,68
05330.png,30
10793.png,89
07312.png,12
01808.png,9
11161.png,59
14582.png,80
03827.png,27
13026.png,26
10291.png,87
09786.png,84
11494.png,80
15302.png,2
14775.png,73
13956.png,54
10269.png,67
00308.png,8
13116.png,16
10439.png,38
03357.png,54
07015.png,15
07632.png,32
05586.png,84
02488.png,83
01644.png,44
16289.png,35
03294.png,90
06679.png,77
14778.png,76
11439.png,39
02200.png,0
08526.png,26
10874.png,49
01497.png,93
00130.png,30
19741.png,41
05267.png,65
15817.png,17
05762.png,60
07362.png,60
05782.png,80
16114.png,14
13485.png,83
19461.png,59
00162.png,60
06687.png,27
09246.png,46
02574.png,49
00658.png,38
11948.png,48
09470.png,68
03969.png,67
03068.png,66
12714.png,14
04589.png,81
18972.png,70
18538.png,38
15061.png,59
03226.png,26
07075.png,73
04613.png,13
01682.png,80
06483.png,81
04275.png,73
11758.png,14
14321.png,21
11570.png,68
15260.png,58
08785.png,83
00675.png,73
13675.png,73
00795.png,91
14974.png,89
17183.png,81
15073.png,71
13698.png,94
04852.png,52
04441.png,40
09383.png,81
18148.png,48
18133.png,33
08478.png,77
16099.png,95
17363.png,61
03627.png,27
19859.png,57
13007.png,7
08944.png,44
03198.png,94
09357.png,55
09323.png,23
16212.png,12
14448.png,48
17351.png,33
11901.png,1
04853.png,38
04629.png,27
16030.png,30
07881.png,79
10085.png,83
18223.png,23
15444.png,44
17582.png,80
11227.png,27
14919.png,19
03548.png,48
09877.png,75
00487.png,27
00594.png,90
14988.png,85
04803.png,3
01225.png,25
12685.png,83
07565.png,63
02372.png,70
14020.png,20
03610.png,10
12634.png,34
09197.png,93
16569.png,67
16440.png,40
13755.png,27
08751.png,51
11702.png,2
16285.png,83
08127.png,27
15280.png,78
16518.png,27
18933.png,33
14203.png,3
08834.png,34
15103.png,3
10202.png,2
14245.png,45
13954.png,53
04984.png,38
03641.png,41
08006.png,6
16353.png,38
10840.png,40
03205.png,5
09392.png,88
12893.png,89
19539.png,39
01485.png,83
03909.png,9
02633.png,33
18735.png,35
00415.png,15
03309.png,9
11154.png,53
11853.png,38
16575.png,73
16185.png,83
10516.png,16
10680.png,78
14751.png,51
07558.png,56
08521.png,21
12737.png,37
16211.png,11
02843.png,43
15216.png,16
06197.png,93
08967.png,65
08730.png,30
17532.png,79
18330.png,30
01600.png,0
06689.png,81
00018.png,18
10308.png,8
09863.png,61
11879.png,77
00374.png,72
14630.png,30
01081.png,79
12218.png,18
08321.png,21
03458.png,56
11962.png,29
16110.png,10
08073.png,35
13983.png,81
16496.png,92
14685.png,83
09370.png,68
08794.png,91
12127.png,27
03197.png,93
16988.png,85
10339.png,39
11858.png,56
19288.png,85
17757.png,55
08336.png,36
02896.png,92
05240.png,40
16152.png,38
03422.png,22
04286.png,84
04819.png,19
01433.png,33
00709.png,9
03435.png,35
11776.png,74
14068.png,66
05518.png,18
12410.png,10
17480.png,78
09399.png,95
17701.png,1
15989.png,81
07433.png,33
00055.png,27
19832.png,32
08655.png,27
02536.png,36
10039.png,39
01725.png,25
09488.png,85
10626.png,26
00440.png,40
08884.png,82
04678.png,76
12396.png,92
04649.png,49
18718.png,18
10966.png,64
19870.png,68
04858.png,56
00781.png,79
04216.png,16
02504.png,4
04237.png,1
06680.png,78
03763.png,61
18861.png,59
07819.png,19
07024.png,24
19848.png,48
03870.png,68
02244.png,44
05268.png,66
02243.png,43
14888.png,85
13150.png,50
00320.png,20
05926.png,15
16462.png,60
02285.png,83
13357.png,55
11538.png,38
18199.png,95
01394.png,35
00772.png,70
10813.png,13
03543.png,43
13170.png,68
04694.png,91
05703.png,3
06044.png,44
12299.png,95
04020.png,20
16360.png,58
04566.png,64
08011.png,11
05858.png,45
09915.png,15
06693.png,89
07756.png,54
12154.png,53
02514.png,14
09414.png,14
10873.png,71
06431.png,31
07406.png,6
13556.png,54
12829.png,26
06253.png,38
13474.png,73
09352.png,52
04344.png,44
07709.png,9
05810.png,10
08519.png,19
01252.png,52
08593.png,89
09502.png,2
03301.png,88
03194.png,90
12390.png,39
09179.png,77
03953.png,38
18412.png,12
16854.png,53
11813.png,13
10177.png,75
03633.png,33
01827.png,27
13524.png,24
15183.png,81
10821.png,21
14695.png,80
04523.png,23
17962.png,60
17269.png,67
16914.png,14
09204.png,4
05697.png,93
06605.png,5
07077.png,75
19965.png,63
12264.png,62
01268.png,66
17340.png,40
13234.png,34
08487.png,27
09299.png,95
15611.png,10
18446.png,46
10504.png,4
02094.png,90
15667.png,65
17482.png,91
14195.png,91
15689.png,91
04140.png,41
00858.png,45
01939.png,39
19311.png,11
16685.png,83
06140.png,41
16906.png,38
10726.png,26
00294.png,90
18311.png,11
03430.png,30
07332.png,32
13169.png,67
11623.png,23
07086.png,84
13775.png,73
01330.png,30
02871.png,69
17191.png,87
00752.png,52
13514.png,14
11629.png,29
11970.png,68
12854.png,53
16438.png,38
00466.png,64
15637.png,37
02413.png,13
17659.png,57
04359.png,57
03618.png,18
12707.png,7
04429.png,29
18390.png,39
14364.png,62
16448.png,48
14401.png,1
03393.png,89
13331.png,31
09366.png,64
00098.png,94
16774.png,72
17297.png,93
08323.png,23
12242.png,87
09075.png,73
06212.png,12
02038.png,38
17702.png,2
11594.png,90
12146.png,46
10010.png,10
17470.png,68
09201.png,72
19251.png,51
18724.png,24
15847.png,47
15693.png,89
06574.png,72
12379.png,77
02023.png,23
18059.png,71
01976.png,74
02886.png,84
06409.png,9
08797.png,93
17828.png,28
09031.png,31
06873.png,71
01035.png,35
16614.png,14
07252.png,52
03241.png,41
06726.png,26
18280.png,78
15892.png,88
05084.png,82
10409.png,9
13739.png,39
08153.png,38
14887.png,27
15311.png,11
05831.png,31
07090.png,86
18484.png,82
10279.png,77
18852.png,52
06175.png,73
15361.png,59
12196.png,92
07978.png,76
14526.png,26
15062.png,60
14637.png,37
19179.png,77
11942.png,42
19432.png,9
08076.png,74
15948.png,48
07378.png,76
16724.png,24
05964.png,62
00313.png,13
19072.png,70
03713.png,13
12522.png,22
03948.png,48
13457.png,55
19819.png,19
06580.png,78
12941.png,41
02468.png,66
07621.png,44
15577.png,75
07940.png,40
00152.png,52
02309.png,9
10634.png,35
01180.png,78
06444.png,44
00645.png,45
01258.png,56
07181.png,79
12325.png,25
08786.png,84
11360.png,58
17810.png,10
15771.png,69
15119.png,19
01372.png,70
09337.png,37
12896.png,92
17602.png,2
03601.png,1
19929.png,29
07556.png,54
16443.png,43
18164.png,62
14628.png,28
03513.png,13
13121.png,21
16522.png,22
18096.png,92
00073.png,71
15455.png,27
09522.png,22
07516.png,16
10478.png,76
10711.png,11
00588.png,85
00384.png,82
14227.png,27
17578.png,76
12141.png,41
12862.png,53
01311.png,11
02720.png,20
04620.png,20
13469.png,67
07389.png,81
08108.png,8
00996.png,92
12837.png,37
12165.png,63
11978.png,31
02634.png,34
07583.png,35
05173.png,71
04633.png,33
12928.png,28
17033.png,33
00987.png,27
16886.png,84
13379.png,77
09806.png,6
18785.png,83
14884.png,82
00004.png,4
17405.png,5
17243.png,43
17706.png,6
16584.png,82
06435.png,35
18731.png,31
05585.png,83
19517.png,17
11105.png,5
11951.png,51
17837.png,37
09725.png,25
05277.png,75
17123.png,23
19737.png,37
11415.png,15
08450.png,50
08510.png,10
03048.png,48
08165.png,63
14118.png,18
18389.png,81
16335.png,35
02710.png,10
05565.png,63
16998.png,94
14409.png,8
15718.png,18
15109.png,9
13316.png,16
13532.png,32
14648.png,48
18114.png,56
15019.png,19
19963.png,61
05610.png,10
18203.png,3
15681.png,79
00649.png,49
17151.png,51
15325.png,25
00871.png,69
13773.png,71
04855.png,27
07528.png,28
17127.png,27
07597.png,93
09826.png,26
10974.png,72
03026.png,49
08250.png,50
09670.png,68
16267.png,65
03876.png,74
07847.png,47
07283.png,81
01087.png,27
04832.png,32
16543.png,43
17021.png,21
02474.png,72
18274.png,72
19376.png,74
06922.png,22
05038.png,38
05524.png,24
12530.png,30
03897.png,93
00532.png,32
17278.png,76
19574.png,72
14735.png,35
16121.png,21
00750.png,50
19853.png,38
04625.png,25
12510.png,10
08358.png,7
13078.png,76
19753.png,38
16674.png,72
17870.png,68
10049.png,48
01160.png,58
06796.png,92
12488.png,85
17745.png,45
18031.png,31
00273.png,71
01640.png,40
17486.png,84
02776.png,74
15358.png,44
09048.png,48
05654.png,53
01047.png,47
10443.png,43
06176.png,74
13994.png,90
13832.png,32
04153.png,38
08121.png,21
07387.png,72
13792.png,26
19319.png,19
01503.png,3
17577.png,75
15614.png,14
05983.png,81
09405.png,5
19652.png,52
16831.png,31
02734.png,80
18247.png,47
00250.png,50
11397.png,93
12365.png,63
08860.png,58
18453.png,38
14785.png,83
02308.png,8
00690.png,86
07004.png,4
17346.png,46
18844.png,44
10311.png,11
01850.png,50
17548.png,48
00175.png,73
17915.png,15
01854.png,53
18337.png,37
01913.png,13
10918.png,18
00991.png,87
04702.png,2
05520.png,20
05538.png,38
03108.png,8
15917.png,17
06776.png,74
06423.png,23
03150.png,50
06862.png,60
07636.png,36
16452.png,52
04763.png,61
12991.png,87
19703.png,3
11248.png,48
12493.png,89
12709.png,9
15623.png,23
14789.png,81
07928.png,28
12951.png,49
11664.png,62
17310.png,10
02207.png,7
03836.png,36
07673.png,71
12429.png,29
00728.png,28
03292.png,88
19389.png,81
14579.png,77
06222.png,22
12012.png,12
16611.png,11
07138.png,38
03887.png,27
17216.png,16
11321.png,21
19091.png,87
19620.png,21
01674.png,72
00293.png,89
16147.png,47
16205.png,5
04592.png,88
10717.png,17
16738.png,38
15128.png,28
14016.png,16
12507.png,7
11144.png,44
14995.png,35
06847.png,47
15043.png,43
14443.png,87
05054.png,53
02319.png,19
07948.png,48
04865.png,63
06547.png,47
13643.png,43
08229.png,60
13340.png,40
13796.png,92
00572.png,70
04990.png,87
16788.png,85
04729.png,29
17044.png,44
11533.png,33
04703.png,3
16762.png,34
01136.png,36
02233.png,33
14263.png,61
00570.png,68
18316.png,16
12418.png,18
07576.png,52
05508.png,8
00391.png,39
19916.png,16
10047.png,47
02608.png,8
19785.png,83
05616.png,16
16377.png,75
12184.png,82
14886.png,84
06293.png,89
07366.png,64
19368.png,66
16408.png,8
18103.png,3
15799.png,95
05773.png,71
13921.png,21
12373.png,71
09184.png,82
15893.png,89
10936.png,36
19332.png,32
17511.png,30
03276.png,74
06202.png,2
11768.png,66
12630.png,30
02837.png,37
13547.png,47
05133.png,33
09133.png,33
08647.png,47
17510.png,10
06831.png,31
16566.png,64
16053.png,39
04267.png,65
10173.png,71
04090.png,87
05197.png,93
14111.png,11
08546.png,82
06682.png,80
07027.png,27
09060.png,58
06463.png,61
02361.png,59
00220.png,20
17876.png,74
08141.png,41
16427.png,27
16318.png,18
01101.png,1
13590.png,86
12674.png,72
02697.png,93
08267.png,65
11789.png,81
10508.png,8
04503.png,3
04172.png,70
05379.png,77
17461.png,59
13751.png,51
08238.png,38
17643.png,43
02875.png,73
01735.png,35
07737.png,37
09325.png,25
04913.png,13
17203.png,3
09973.png,71
03498.png,94
13228.png,28
10491.png,87
02687.png,27
00975.png,73
00995.png,91
01049.png,49
17584.png,82
06074.png,72
14343.png,43
05772.png,70
06281.png,79
03812.png,12
17595.png,91
00282.png,80
18153.png,38
00399.png,28
07953.png,38
06153.png,38
00947.png,46
03673.png,71
05997.png,93
06521.png,21
17678.png,76
13041.png,41
10985.png,83
06092.png,88
04698.png,94
06698.png,94
12156.png,54
15126.png,73
14549.png,49
08240.png,36
00212.png,12
08470.png,68
16020.png,20
06823.png,23
15205.png,5
05743.png,43
01025.png,63
05129.png,29
16194.png,51
19611.png,11
18667.png,65
02868.png,66
19549.png,49
05443.png,43
17744.png,44
14845.png,45
11862.png,60
15873.png,71
18941.png,41
07725.png,25
15382.png,80
08266.png,64
03449.png,49
06128.png,28
04022.png,22
16228.png,28
19151.png,51
00234.png,80
11649.png,49
09728.png,5
15516.png,16
04060.png,58
04056.png,54
06529.png,29
12683.png,35
18046.png,46
04319.png,19
18754.png,53
13948.png,48
06781.png,79
02387.png,27
01743.png,39
19205.png,5
02457.png,55
01802.png,2
18489.png,81
03516.png,16
01565.png,63
05062.png,60
09269.png,67
03666.png,64
05630.png,30
04510.png,10
16557.png,55
13748.png,48
05070.png,68
17601.png,1
07944.png,44
04779.png,77
08955.png,27
02635.png,35
12076.png,81
01819.png,19
09734.png,34
06937.png,37
19005.png,4
12494.png,90
02336.png,36
10490.png,86
12512.png,12
01104.png,4
18528.png,36
18198.png,94
08959.png,82
19565.png,63
00778.png,76
16435.png,35
14933.png,33
14084.png,82
09946.png,46
03751.png,51
02810.png,10
00758.png,56
19882.png,91
08124.png,24
04257.png,55
18296.png,92
04188.png,85
18170.png,68
08750.png,50
11785.png,83
11949.png,49
01522.png,22
19456.png,54
12563.png,61
16862.png,60
00638.png,39
19212.png,12
10263.png,14
04065.png,63
03792.png,88
00755.png,27
08533.png,33
00235.png,35
08804.png,4
18324.png,24
10992.png,88
17523.png,23
18293.png,89
01583.png,35
11258.png,56
11086.png,84
09134.png,35
18105.png,4
05088.png,85
14998.png,94
04235.png,35
05261.png,59
07457.png,55
18112.png,12
09106.png,6
17439.png,87
07458.png,56
07909.png,9
19807.png,7
05971.png,69
18476.png,91
18369.png,67
16206.png,6
03705.png,5
18515.png,15
13152.png,52
19086.png,84
13501.png,50
17376.png,74
09868.png,66
17960.png,58
18022.png,22
13581.png,79
15099.png,95
03236.png,36
06041.png,41
04474.png,72
00123.png,23
12860.png,58
14891.png,87
01892.png,88
03591.png,87
05326.png,26
16690.png,86
02576.png,74
05052.png,38
00026.png,26
05889.png,81
13837.png,37
02609.png,9
00158.png,56
10412.png,12
00927.png,27
14065.png,63
00502.png,2
00544.png,44
03920.png,20
15392.png,88
02969.png,67
00017.png,17
05432.png,32
07481.png,78
16671.png,69
02435.png,35
08300.png,0
18193.png,89
10831.png,31
05005.png,5
02760.png,58
07291.png,87
03135.png,35
04547.png,47
00079.png,77
08444.png,44
10535.png,35
13076.png,74
04985.png,83
02749.png,49
04005.png,5
12812.png,12
10274.png,72
10498.png,94
07265.png,63
05873.png,71
00923.png,23
19378.png,76
02732.png,32
13629.png,29
15854.png,53
03741.png,41
19111.png,11
10417.png,17
18585.png,83
09852.png,52
08710.png,10
04131.png,31
13738.png,38
00254.png,53
05931.png,31
00969.png,67
17849.png,49
11981.png,79
01117.png,17
09704.png,4
04215.png,15
08345.png,45
08256.png,54
11437.png,37
10148.png,49
04302.png,2
17614.png,63
16080.png,78
01120.png,21
07979.png,77
19087.png,27
05018.png,18
15931.png,93
17416.png,16
11791.png,87
11200.png,23
06511.png,11
10040.png,40
07345.png,45
08493.png,89
02198.png,94
18376.png,74
05447.png,47
00443.png,43
16472.png,70
19157.png,55
19840.png,43
01509.png,9
19797.png,93
08574.png,72
06980.png,78
03230.png,30
13252.png,52
00211.png,11
12580.png,78
11695.png,91
05763.png,61
11643.png,43
02690.png,86
10220.png,20
05789.png,81
11017.png,17
01656.png,54
19055.png,27
11615.png,15
09207.png,7
14379.png,77
10420.png,21
08324.png,24
17045.png,45
04915.png,15
12495.png,91
11686.png,84
02706.png,6
09019.png,19
16067.png,65
16396.png,92
09087.png,27
17496.png,92
00003.png,3
04387.png,27
10146.png,46
08981.png,78
12747.png,47
16574.png,72
05335.png,35
04206.png,38
14558.png,56
12086.png,84
01604.png,4
12288.png,85
16907.png,7
03775.png,73
16602.png,2
03018.png,18
07754.png,53
14291.png,87
18759.png,57
04479.png,77
11526.png,26
04173.png,71
09547.png,47
13167.png,65
12187.png,27
16800.png,0
14910.png,10
01175.png,73
07155.png,27
19255.png,73
17779.png,77
17353.png,38
00626.png,26
19634.png,34
01114.png,14
07507.png,7
05446.png,46
12980.png,78
15152.png,52
14530.png,30
00759.png,57
01371.png,69
06029.png,26
08663.png,61
03427.png,27
09018.png,18
04127.png,27
19894.png,91
11228.png,28
05735.png,35
07215.png,15
16866.png,54
00633.png,33
11817.png,17
08040.png,41
14127.png,88
13820.png,20
05793.png,89
10698.png,94
00167.png,65
07749.png,49
13595.png,80
16256.png,54
00953.png,38
05311.png,11
05103.png,3
15416.png,16
12097.png,93
04370.png,68
03783.png,81
04782.png,80
15986.png,84
04647.png,47
10677.png,75
19514.png,63
16642.png,42
14149.png,49
07753.png,38
09274.png,72
16088.png,85
01720.png,20
04176.png,74
03823.png,23
17903.png,3
16063.png,61
08491.png,87
11857.png,55
17814.png,14
15442.png,42
16150.png,50
13324.png,24
11367.png,65
07888.png,85
00819.png,19
04796.png,92
02636.png,36
17528.png,28
05939.png,39
02963.png,61
07493.png,36
05155.png,27
17802.png,2
13424.png,63
06122.png,22
15342.png,42
06494.png,35
09585.png,83
17158.png,56
12161.png,59
04982.png,80
09235.png,35
17520.png,20
06766.png,64
11058.png,56
18928.png,28
03542.png,42
02552.png,52
04969.png,67
02659.png,57
06989.png,81
00934.png,34
10304.png,4
12247.png,47
15869.png,67
03999.png,14
07221.png,21
06480.png,78
14541.png,41
18529.png,29
05651.png,51
14826.png,26
01233.png,33
11964.png,62
06356.png,54
16506.png,6
05794.png,90
18037.png,89
13666.png,64
14264.png,62
07354.png,53
11668.png,66
10967.png,65
12753.png,38
00243.png,43
00676.png,74
19031.png,31
19454.png,53
02370.png,68
08494.png,91
17758.png,56
05192.png,88
12228.png,28
16955.png,1
07255.png,27
19384.png,82
12448.png,48
04583.png,81
18721.png,21
12109.png,9
11434.png,34
17049.png,49
15425.png,25
05283.png,81
09930.png,30
01347.png,47
19425.png,25
12007.png,7
09570.png,68
05026.png,26
17658.png,56
16134.png,80
00719.png,19
06588.png,85
12080.png,78
08547.png,47
03656.png,54
18079.png,77
16167.png,65
14174.png,29
10477.png,75
11233.png,33
17039.png,39
07766.png,64
03798.png,94
14266.png,64
13466.png,64
03966.png,64
18249.png,49
02940.png,40
05411.png,11
19196.png,92
17933.png,33
18401.png,1
13191.png,43
03715.png,26
07536.png,36
19850.png,1
13893.png,89
18773.png,71
13255.png,27
02455.png,27
05462.png,60
02462.png,60
07194.png,91
01344.png,44
02284.png,82
15724.png,24
11263.png,61
05860.png,58
01789.png,81
05008.png,8
19448.png,48
00197.png,93
09276.png,75
08653.png,38
07259.png,57
15261.png,59
13207.png,7
10442.png,42
10767.png,65
08854.png,53
14734.png,35
18855.png,27
19805.png,5
10738.png,38
07935.png,35
14183.png,81
13334.png,34
18934.png,80
07184.png,82
00317.png,17
03154.png,53
11820.png,20
16485.png,83
11069.png,67
05589.png,81
00389.png,81
04630.png,30
17560.png,58
15657.png,55
19481.png,79
18829.png,29
03528.png,28
08628.png,28
18743.png,87
07796.png,92
17384.png,82
16695.png,91
08855.png,27
06374.png,88
03554.png,53
01851.png,51
17011.png,11
01288.png,85
02888.png,85
18002.png,2
01794.png,90
04805.png,5
09339.png,39
15322.png,22
01345.png,45
12397.png,93
15187.png,27
13493.png,89
11488.png,85
09680.png,78
17472.png,70
14171.png,69
10145.png,45
13394.png,35
18514.png,14
09264.png,62
13269.png,67
10520.png,20
16315.png,15
19541.png,41
04494.png,90
00892.png,88
15843.png,43
13461.png,59
03304.png,4
06903.png,3
11025.png,27
13373.png,71
14053.png,38
01168.png,66
08954.png,53
00038.png,38
15022.png,22
06897.png,93
15333.png,33
09918.png,18
16850.png,51
16231.png,31
00225.png,25
11485.png,83
01062.png,60
17256.png,54
15930.png,30
19754.png,53
03536.png,28
12852.png,52
02344.png,44
01928.png,28
18361.png,59
18009.png,9
12317.png,17
02676.png,74
19415.png,53
07912.png,12
13875.png,73
09887.png,27
17086.png,84
18599.png,95
18544.png,44
18116.png,16
17465.png,63
04524.png,24
18527.png,27
10596.png,92
15092.png,88
00826.png,26
06345.png,56
13143.png,43
18548.png,48
00495.png,90
16759.png,46
01811.png,11
07171.png,69
13497.png,93
01255.png,27
06837.png,37
00628.png,28
02282.png,80
16787.png,27
15269.png,67
03504.png,74
04210.png,10
18949.png,49
03495.png,91
14371.png,69
02637.png,37
02469.png,67
13517.png,17
11222.png,22
03102.png,2
06539.png,39
00477.png,75
18888.png,85
01004.png,4
14864.png,62
19119.png,19
04949.png,49
08643.png,6
06457.png,55
07733.png,33
13019.png,19
19046.png,46
01548.png,48
19420.png,20
06898.png,94
03767.png,65
14110.png,10
19726.png,26
12793.png,89
11224.png,24
14285.png,83
04256.png,54
01206.png,38
14405.png,5
15788.png,85
18417.png,17
13943.png,43
07788.png,85
03896.png,92
07136.png,36
08125.png,25
07130.png,30
03753.png,39
18640.png,40
09132.png,32
15108.png,72
06674.png,72
09531.png,31
04654.png,53
03046.png,46
19987.png,27
05475.png,73
00388.png,85
13211.png,11
05397.png,93
07233.png,33
04515.png,14
14715.png,0
18127.png,27
05868.png,66
07348.png,48
16893.png,89
06003.png,3
09293.png,89
16458.png,56
09803.png,3
16545.png,45
06814.png,14
00327.png,27
10108.png,8
05870.png,68
04320.png,20
16005.png,5
17981.png,78
05850.png,32
16747.png,47
13146.png,46
13056.png,54
12650.png,50
11659.png,57
13597.png,93
08622.png,22
05361.png,59
10779.png,77
15811.png,11
02724.png,24
18645.png,45
10127.png,27
08598.png,54
13528.png,28
11419.png,19
11788.png,85
11621.png,21
03475.png,73
12099.png,45
11834.png,34
02699.png,95
19348.png,48
00529.png,29
18916.png,16
07005.png,4
13377.png,75
01688.png,85
08437.png,37
00994.png,91
11375.png,73
06899.png,95
00944.png,44
17544.png,44
15064.png,62
08578.png,76
06113.png,13
18898.png,94
15857.png,55
13317.png,31
00030.png,30
19465.png,63
08702.png,2
00912.png,12
13290.png,86
01308.png,8
17381.png,79
18927.png,27
03114.png,14
08417.png,17
05519.png,19
03704.png,4
01648.png,48
14286.png,84
13218.png,18
11184.png,82
19776.png,74
09261.png,59
02263.png,61
11147.png,47
17916.png,16
16782.png,80
08649.png,49
05513.png,13
11033.png,33
17593.png,89
08701.png,50
04989.png,81
17607.png,7
02900.png,0
07817.png,17
19799.png,95
02459.png,57
05467.png,65
06357.png,55
18659.png,56
17660.png,58
11807.png,50
11339.png,39
05398.png,94
18966.png,64
03630.png,30
14868.png,66
17539.png,39
09958.png,14
13384.png,82
15451.png,51
05236.png,36
13175.png,73
01859.png,57
10335.png,35
17676.png,74
01400.png,0
13037.png,37
07694.png,90
13545.png,45
13578.png,76
06617.png,76
13592.png,88
16804.png,4
13599.png,95
11976.png,74
04025.png,27
12821.png,21
09120.png,20
11542.png,42
17752.png,52
19453.png,38
02225.png,25
11734.png,80
06543.png,43
17385.png,83
17576.png,74
00694.png,90
00643.png,38
02255.png,27
15638.png,38
19581.png,79
17052.png,38
10317.png,17
06718.png,18
14636.png,36
07724.png,24
15230.png,30
17857.png,55
18931.png,31
18433.png,33
12291.png,87
07152.png,52
01124.png,24
01351.png,51
17786.png,84
03105.png,4
07934.png,34
19763.png,61
12639.png,39
02817.png,31
15954.png,53
06255.png,27
15379.png,76
19003.png,3
13857.png,55
19314.png,14
11286.png,84
17541.png,41
02910.png,10
11700.png,0
12538.png,39
17483.png,81
13392.png,88
09504.png,5
04682.png,80
01240.png,40
15436.png,37
15545.png,56
01994.png,90
06896.png,92
15241.png,41
03368.png,66
00573.png,71
03582.png,91
07460.png,58
00108.png,9
03756.png,54
19794.png,90
10669.png,67
10030.png,30
09565.png,63
16463.png,61
06343.png,43
04222.png,22
09340.png,40
03382.png,80
05820.png,20
00822.png,22
15866.png,64
06051.png,80
06908.png,8
03132.png,32
05341.png,41
17516.png,16
02647.png,47
02779.png,77
17831.png,31
04422.png,22
08749.png,49
05881.png,79
15575.png,73
08026.png,26
02446.png,46
03900.png,0
07729.png,29
14072.png,70
01544.png,44
06399.png,95
06797.png,93
01909.png,9
06988.png,85
17823.png,23
07873.png,71
06451.png,51
10672.png,70
08325.png,24
07485.png,83
00295.png,91
05731.png,31
00922.png,22
01061.png,59
08168.png,66
03899.png,95
00113.png,13
12792.png,88
02851.png,50
15735.png,35
11386.png,84
07456.png,54
06252.png,52
04239.png,39
12950.png,93
18215.png,63
06746.png,46
17130.png,30
09408.png,8
03592.png,88
03622.png,22
06813.png,13
02661.png,59
13768.png,66
15159.png,57
17968.png,66
14701.png,19
08538.png,39
05552.png,52
12840.png,40
16368.png,66
13064.png,62
08592.png,88
09647.png,47
04901.png,19
00245.png,45
06319.png,19
04560.png,58
18882.png,34
09587.png,27
01424.png,24
05020.png,20
02768.png,66
08777.png,75
04315.png,15
07865.png,63
08859.png,57
14010.png,10
14762.png,60
16526.png,29
03809.png,9
01747.png,47
09294.png,90
12998.png,94
19328.png,28
18159.png,57
02918.png,18
05888.png,85
16767.png,65
15356.png,54
11128.png,28
19885.png,83
09733.png,33
00221.png,21
16718.png,18
04975.png,73
03748.png,48
05122.png,22
15243.png,43
09883.png,81
14539.png,39
14538.png,38
13911.png,10
11540.png,40
11472.png,70
10639.png,39
15270.png,68
12785.png,83
05342.png,42
07054.png,48
04849.png,49
18680.png,78
11301.png,1
09874.png,72
08086.png,84
18353.png,38
14589.png,81
13867.png,65
18675.png,73
12430.png,57
09722.png,22
07400.png,0
06540.png,40
07061.png,59
00692.png,27
18794.png,51
16203.png,3
14856.png,54
18552.png,52
01221.png,21
02346.png,46
12152.png,52
00841.png,41
19684.png,82
04850.png,29
16970.png,73
15283.png,81
05705.png,5
07307.png,50
09090.png,86
13181.png,79
05387.png,27
14402.png,2
10887.png,27
01450.png,50
06108.png,8
12641.png,41
04587.png,27
09626.png,26
10618.png,18
19484.png,82
03974.png,72
07653.png,38
09991.png,87
13160.png,58
07886.png,9
04443.png,43
02548.png,48
06442.png,42
01166.png,64
12221.png,21
06017.png,17
07781.png,79
03944.png,44
03175.png,73
08735.png,35
13105.png,5
03100.png,0
10071.png,69
19475.png,73
04015.png,15
19214.png,14
01739.png,39
07257.png,55
05009.png,9
03980.png,78
13361.png,59
14783.png,35
03546.png,46
18495.png,85
11176.png,74
17790.png,86
16812.png,12
17409.png,9
05234.png,35
00698.png,94
02427.png,27
15011.png,11
01084.png,67
01405.png,4
03593.png,89
11458.png,56
16792.png,67
13353.png,38
09679.png,77
11104.png,5
17559.png,57
01494.png,90
05709.png,9
12115.png,15
02134.png,34
00093.png,89
18990.png,86
06082.png,35
07783.png,81
13710.png,10
14117.png,17
03103.png,3
00348.png,48
05300.png,69
14956.png,54
01665.png,63
15832.png,32
13783.png,81
19483.png,81
17115.png,15
08387.png,27
14384.png,82
06289.png,81
10114.png,44
08935.png,35
01700.png,0
13570.png,68
19187.png,27
06168.png,66
00899.png,95
15897.png,93
02414.png,14
08408.png,8
03676.png,74
07603.png,3
13991.png,87
15862.png,26
09004.png,4
14474.png,72
04938.png,38
13344.png,45
10884.png,82
00184.png,82
18064.png,62
02076.png,74
00112.png,12
09476.png,74
19906.png,38
11698.png,94
05042.png,42
16516.png,16
10745.png,45
03311.png,11
12447.png,47
11380.png,78
09036.png,36
00224.png,24
10233.png,33
00802.png,2
19342.png,42
19100.png,0
10835.png,35
06331.png,31
02330.png,30
07938.png,38
17739.png,39
04230.png,30
04696.png,92
10724.png,24
08773.png,71
08813.png,13
12174.png,72
18760.png,58
15804.png,4
12014.png,14
13097.png,93
05232.png,32
03215.png,15
06553.png,38
05370.png,68
01205.png,5
14741.png,41
06453.png,38
12666.png,64
01149.png,49
10987.png,27
05271.png,69
15454.png,53
03190.png,38
01080.png,78
18331.png,31
03496.png,92
07102.png,2
09190.png,86
08588.png,85
12849.png,49
18379.png,77
13591.png,87
09866.png,64
18026.png,26
01483.png,35
00905.png,5
15312.png,12
19346.png,46
02249.png,49
15890.png,86
11427.png,27
06962.png,61
00084.png,82
19357.png,55
19125.png,25
08247.png,46
04317.png,17
17313.png,13
03971.png,69
05403.png,3
12533.png,33
02340.png,40
02757.png,55
13294.png,91
07506.png,6
17186.png,84
05781.png,79
01111.png,11
00717.png,17
03825.png,25
18901.png,1
12956.png,54
19057.png,55
07981.png,79
12783.png,81
15836.png,36
08169.png,67
10689.png,81
13299.png,95
07896.png,92
08340.png,40
10189.png,81
18380.png,78
15259.png,57
08504.png,4
02266.png,64
18048.png,48
01499.png,95
06196.png,92
07062.png,60
06757.png,55
11477.png,75
00441.png,41
13434.png,80
13645.png,45
12527.png,27
09304.png,4
04033.png,33
05328.png,28
14322.png,22
00194.png,91
17485.png,83
06803.png,3
18575.png,73
00463.png,61
00481.png,79
16547.png,47
11163.png,61
16969.png,67
06977.png,75
00548.png,48
03441.png,41
18902.png,2
19755.png,27
04693.png,89
16456.png,54
13702.png,2
16260.png,58
17704.png,4
17780.png,78
12627.png,27
04430.png,30
18220.png,20
00705.png,4
01457.png,55
16720.png,20
00761.png,59
16570.png,68
04622.png,22
11728.png,28
09556.png,54
19145.png,45
03471.png,69
08426.png,53
16263.png,61
05118.png,18
11114.png,14
00634.png,34
08035.png,35
02423.png,23
05533.png,33
00020.png,20
06558.png,56
12401.png,1
18080.png,78
13713.png,13
04331.png,31
08458.png,56
07089.png,81
02678.png,76
16016.png,16
05906.png,6
11579.png,77
11968.png,66
17030.png,30
13992.png,88
15899.png,95
08327.png,27
02901.png,1
14176.png,74
04934.png,34
14987.png,27
08222.png,22
11744.png,44
00393.png,89
13977.png,75
14096.png,92
15090.png,86
02260.png,58
11428.png,28
18985.png,83
17012.png,12
03826.png,26
06999.png,95
15880.png,78
16730.png,30
04187.png,27
01707.png,7
11317.png,17
00298.png,94
01973.png,71
10663.png,61
03860.png,58
12386.png,84
07786.png,84
05778.png,76
07058.png,56
08671.png,69
05948.png,49
16129.png,29
11870.png,68
04961.png,59
06208.png,9
15009.png,9
01567.png,65
13913.png,13
06136.png,36
15424.png,24
15536.png,36
12954.png,53
17069.png,67
03525.png,25
05786.png,84
13098.png,94
10728.png,28
06142.png,42
11930.png,30
07646.png,46
04808.png,8
13929.png,26
04940.png,40
18088.png,85
08184.png,82
17247.png,47
06334.png,35
14599.png,95
13440.png,40
08642.png,42
18102.png,2
19265.png,63
14466.png,64
16130.png,30
15941.png,40
04594.png,90
01386.png,84
14486.png,84
00955.png,27
06233.png,33
09094.png,90
07157.png,55
10643.png,43
01005.png,5
16841.png,41
04621.png,21
09395.png,91
01861.png,59
03758.png,38
16771.png,69
18608.png,8
07746.png,46
09859.png,57
17723.png,23
00520.png,20
05958.png,56
06338.png,38
16920.png,20
02352.png,39
15418.png,18
08816.png,16
00800.png,0
15518.png,18
06216.png,16
02007.png,7
11655.png,27
07578.png,76
04487.png,27
02853.png,38
16250.png,50
01925.png,25
14165.png,63
05035.png,35
14797.png,93
04423.png,22
05245.png,45
12625.png,25
05421.png,21
09008.png,9
00558.png,56
19479.png,77
02704.png,4
12036.png,36
11276.png,74
18954.png,53
01972.png,70
06751.png,51
02694.png,91
06114.png,14
06219.png,19
14187.png,27
17784.png,82
02890.png,86
10650.png,50
06427.png,27
07369.png,67
15582.png,80
10065.png,26
09623.png,23
19593.png,89
15326.png,27
14366.png,64
08683.png,81
04465.png,63
02269.png,67
09899.png,95
18106.png,6
02383.png,81
09893.png,89
01385.png,83
13439.png,39
13045.png,45
01190.png,86
01290.png,86
03773.png,71
14571.png,69
08910.png,10
17426.png,26
07718.png,19
02465.png,63
07793.png,89
05502.png,2
12333.png,33
01691.png,87
07318.png,18
06556.png,54
08109.png,9
10037.png,29
06042.png,42
11445.png,45
15042.png,42
05904.png,4
15070.png,68
05854.png,53
12679.png,1
10823.png,23
11261.png,59
08922.png,22
15966.png,64
11707.png,7
15669.png,67
04421.png,21
13735.png,35
13677.png,75
04903.png,3
17650.png,50
04680.png,78
15397.png,93
15032.png,65
08811.png,11
13214.png,69
09014.png,14
08155.png,27
08700.png,0
11701.png,83
13944.png,44
13836.png,36
01762.png,60
04585.png,83
05823.png,23
17284.png,82
01907.png,7
09945.png,45
09825.png,25
07572.png,70
12399.png,95
13551.png,51
12936.png,77
01510.png,10
08098.png,94
13495.png,91
14417.png,17
05433.png,33
06152.png,52
03080.png,78
18422.png,22
06663.png,61
04299.png,95
18532.png,32
03375.png,73
19729.png,91
02598.png,94
00973.png,71
05309.png,9
03866.png,64
05464.png,62
12960.png,58
08614.png,14
17763.png,61
12055.png,27
03654.png,53
10359.png,57
17575.png,73
05400.png,0
17694.png,90
05428.png,28
00604.png,4
08120.png,20
17604.png,5
19650.png,50
00101.png,1
16595.png,91
01102.png,2
03619.png,19
06057.png,55
01944.png,44
11694.png,34
01449.png,49
06780.png,78
03657.png,55
04306.png,6
16486.png,84
19118.png,18
16478.png,76
09452.png,52
17631.png,31
01769.png,67
06139.png,39
17414.png,69
14804.png,4
02568.png,66
08196.png,92
01927.png,27
16380.png,78
11762.png,60
10838.png,38
15345.png,45
11580.png,78
15674.png,72
03466.png,64
07363.png,61
05517.png,17
14030.png,30
07892.png,63
02774.png,72
04087.png,27
07330.png,30
04071.png,69
01125.png,25
06298.png,94
13172.png,70
02279.png,77
00642.png,42
00911.png,11
06430.png,30
04939.png,39
06073.png,71
18366.png,64
02375.png,73
06659.png,57
14450.png,50
16847.png,47
19994.png,91
04567.png,65
19011.png,11
13601.png,1
11346.png,46
06736.png,36
15578.png,76
16983.png,81
19720.png,20
14012.png,12
00560.png,58
12743.png,38
14705.png,5
09603.png,3
02991.png,87
17769.png,67
01132.png,32
18475.png,73
13149.png,49
09673.png,71
15420.png,20
00179.png,77
06541.png,41
07375.png,73
16933.png,49
11804.png,4
11609.png,9
03693.png,89
00720.png,20
16815.png,15
18782.png,34
01899.png,27
06886.png,84
19032.png,32
10924.png,24
09521.png,21
00305.png,4
01441.png,41
02691.png,87
18621.png,21
05371.png,69
02735.png,80
02133.png,33
04490.png,86
10358.png,56
10188.png,85
06621.png,21
13360.png,58
00297.png,93
09507.png,7
04619.png,19
00603.png,3
11589.png,81
10816.png,16
01046.png,46
16057.png,55
05182.png,80
17864.png,62
14120.png,20
12920.png,20
02155.png,27
12411.png,11
10091.png,87
19609.png,9
11635.png,35
04531.png,31
10300.png,0
01744.png,44
09758.png,56
10163.png,61
01193.png,89
09632.png,32
05725.png,25
03903.png,3
12037.png,37
08928.png,28
06603.png,3
11712.png,12
02398.png,94
17718.png,18
18032.png,32
08534.png,81
08351.png,51
14669.png,77
00600.png,11
05816.png,16
02761.png,59
02264.png,62
05996.png,92
12266.png,64
18551.png,51
14367.png,65
08920.png,20
05113.png,13
12073.png,71
14905.png,4
00518.png,18
06786.png,84
09202.png,2
09579.png,77
08548.png,48
09309.png,9
06849.png,49
17685.png,83
07834.png,35
15943.png,43
02751.png,51
10007.png,7
03891.png,87
02793.png,89
01325.png,27
09635.png,35
17571.png,69
18814.png,14
08795.png,90
05595.png,91
07191.png,87
11295.png,80
15479.png,76
18175.png,73
15079.png,76
19562.png,26
02274.png,72
16779.png,77
02153.png,38
09282.png,80
01319.png,19
04843.png,43
06239.png,39
10973.png,71
01358.png,56
08761.png,59
08466.png,64
02156.png,54
04735.png,35
04497.png,93
16500.png,15
12913.png,13
11348.png,48
15928.png,28
00640.png,40
00121.png,21
17557.png,55
02937.png,37
16979.png,77
02715.png,15
05578.png,76
13555.png,27
13322.png,22
18176.png,74
05378.png,76
13646.png,46
05406.png,6
19656.png,54
15304.png,4
04804.png,4
14524.png,24
14748.png,49
19317.png,46
11911.png,11
09614.png,14
02367.png,65
07705.png,4
18208.png,62
01475.png,73
09061.png,59
15732.png,32
00647.png,47
14271.png,69
09714.png,14
08962.png,60
07699.png,95
18536.png,36
04781.png,79
19422.png,22
12102.png,2
15178.png,76
08994.png,90
12248.png,48
19603.png,3
10391.png,87
04739.png,43
00825.png,25
11308.png,8
03315.png,15
18398.png,94
12145.png,45
14472.png,70
14916.png,16
01033.png,33
09147.png,47
00540.png,40
05843.png,43
08853.png,38
08052.png,52
16834.png,80
08871.png,69
09020.png,0
00183.png,81
08326.png,26
04019.png,19
09538.png,38
02603.png,3
01382.png,34
14609.png,9
12962.png,60
09152.png,52
02984.png,82
13563.png,61
10959.png,57
14067.png,65
07025.png,25
19638.png,38
10661.png,59
17733.png,33
18539.png,39
19876.png,74
11777.png,75
19490.png,86
17647.png,47
14937.png,37
05024.png,24
09277.png,75
14993.png,89
01282.png,35
15087.png,27
18973.png,71
16275.png,73
18416.png,16
04150.png,50
03187.png,27
13263.png,61
00029.png,27
06586.png,84
06272.png,70
06382.png,80
18021.png,21
17116.png,16
00163.png,61
19141.png,41
12782.png,80
08866.png,64
16474.png,72
00523.png,23
19414.png,69
10330.png,30
16400.png,69
01597.png,93
12877.png,75
19889.png,81
12083.png,81
10507.png,7
16650.png,50
05385.png,83
01857.png,55
03219.png,19
05717.png,17
10061.png,59
07237.png,37
04955.png,27
08502.png,2
06720.png,20
08471.png,69
00437.png,37
10583.png,81
09487.png,27
01999.png,95
09928.png,28
07399.png,45
19935.png,35
04992.png,88
17041.png,41
10685.png,83
06690.png,86
03365.png,63
13325.png,25
02431.png,31
16001.png,77
14920.png,20
04086.png,84
16241.png,41
15370.png,68
10567.png,65
13850.png,50
09096.png,60
18067.png,65
01017.png,17
11687.png,27
12035.png,35
16445.png,45
02043.png,43
06081.png,79
05677.png,75
01487.png,27
18912.png,12
06661.png,59
10219.png,19
15940.png,41
06520.png,20
12220.png,20
15595.png,91
10149.png,49
17163.png,61
15905.png,5
01534.png,34
10261.png,59
13417.png,17
12804.png,5
11574.png,72
10153.png,52
06524.png,24
13395.png,91
17490.png,86
07074.png,72
17320.png,20
12492.png,88
19530.png,30
17229.png,29
01542.png,42
07166.png,64
11474.png,72
03755.png,27
09842.png,42
02558.png,56
03413.png,13
11078.png,76
08636.png,36
18456.png,54
10708.png,9
08717.png,17
06702.png,2
07720.png,20
16515.png,15
16007.png,7
14088.png,85
00646.png,46
18968.png,66
09790.png,86
06408.png,8
01672.png,70
03109.png,9
07144.png,56
11567.png,65
17249.png,49
09498.png,94
11581.png,79
00288.png,85
07936.png,36
01469.png,67
03561.png,59
13693.png,89
15803.png,3
16550.png,50
01613.png,12
00013.png,13
17187.png,27
08406.png,6
09490.png,86
12277.png,75
11993.png,89
05455.png,27
13703.png,3
17965.png,26
02371.png,69
05380.png,78
17953.png,38
14290.png,39
11364.png,62
07510.png,10
18221.png,21
04730.png,30
05905.png,5
09457.png,55
18729.png,29
15805.png,5
07529.png,51
01801.png,27
04091.png,42
05629.png,29
01842.png,42
15091.png,56
08179.png,77
10483.png,81
16753.png,38
18454.png,53
19803.png,3
07380.png,78
03099.png,95
14497.png,93
19654.png,53
15196.png,92
07346.png,46
11255.png,27
17304.png,4
05706.png,6
03734.png,34
16676.png,74
11922.png,22
11854.png,53
12402.png,2
06846.png,46
04111.png,11
00227.png,27
13483.png,81
14100.png,0
19839.png,39
01237.png,37
09160.png,58
06379.png,77
15592.png,88
16944.png,44
06302.png,2
08759.png,57
01238.png,38
10392.png,88
00926.png,27
14596.png,92
03877.png,75
03912.png,12
05003.png,3
11014.png,52
00584.png,82
05412.png,12
01978.png,76
09596.png,92
14547.png,47
14536.png,36
12030.png,30
06362.png,60
16971.png,69
13442.png,42
17913.png,13
13376.png,74
19556.png,54
18878.png,76
00509.png,9
06052.png,38
18461.png,59
07087.png,27
19940.png,40
13816.png,16
04736.png,27
01824.png,24
10574.png,49
15227.png,27
08889.png,35
14327.png,27
03779.png,77
00164.png,62
08261.png,59
13962.png,60
19573.png,71
14208.png,60
16999.png,95
19734.png,80
06317.png,31
17900.png,0
15971.png,69
19323.png,23
16833.png,33
00455.png,27
02929.png,29
09605.png,5
05476.png,74
18691.png,87
18886.png,84
12179.png,77
02771.png,69
10853.png,38
10307.png,7
01093.png,89
03178.png,76
00910.png,10
07951.png,51
06274.png,72
19413.png,13
17435.png,35
13270.png,68
19067.png,65
02686.png,84
07711.png,11
08496.png,92
13940.png,40
02596.png,92
16302.png,2
06517.png,17
02660.png,58
00169.png,67
05189.png,35
07035.png,35
09604.png,4
13905.png,5
13178.png,76
12853.png,38
16062.png,60
07165.png,63
07496.png,32
03761.png,59
02784.png,82
17432.png,32
04420.png,20
13163.png,61
02825.png,25
04565.png,63
03374.png,60
12773.png,71
06725.png,25
18572.png,70
15910.png,10
14121.png,21
08586.png,84
18597.png,93
01541.png,41
00117.png,17
14289.png,81
10176.png,74
12532.png,32
01708.png,8
16830.png,30
19133.png,33
18991.png,87
04431.png,31
16272.png,70
04192.png,88
00392.png,88
09224.png,24
09653.png,38
10668.png,66
13383.png,81
11372.png,70
15942.png,42
12511.png,11
02965.png,29
02597.png,93
02967.png,65
16683.png,81
19747.png,47
16594.png,91
14744.png,44
07998.png,94
11409.png,9
11639.png,39
19766.png,64
01844.png,44
12123.png,23
12293.png,89
18424.png,24
18295.png,91
19627.png,27
04246.png,46
14407.png,7
06034.png,34
03144.png,44
19135.png,35
01895.png,91
00816.png,16
16369.png,67
13572.png,70
16075.png,73
09652.png,52
17497.png,93
13947.png,47
03005.png,5
19827.png,27
18905.png,5
14563.png,61
12708.png,9
08123.png,23
10842.png,42
04579.png,77
10289.png,81
04068.png,66
06633.png,33
19738.png,38
14351.png,51
00247.png,47
03390.png,86
01289.png,81
19630.png,30
03057.png,55
02826.png,29
09583.png,81
19036.png,36
15795.png,91
19954.png,53
18922.png,22
11803.png,3
14133.png,92
07341.png,41
15223.png,23
11324.png,24
15542.png,42
07876.png,75
07730.png,30
07764.png,62
02611.png,11
13931.png,31
15095.png,90
03063.png,61
07501.png,1
02599.png,54
08234.png,80
07949.png,49
16837.png,37
00490.png,86
12049.png,49
16420.png,20
01846.png,46
00550.png,95
12577.png,75
02510.png,10
09181.png,79
18123.png,23
00226.png,27
03298.png,94
04794.png,91
19410.png,10
17321.png,21
13108.png,8
04358.png,56
08743.png,43
12324.png,24
06005.png,5
07877.png,75
12367.png,65
19951.png,51
06368.png,66
02041.png,41
14975.png,73
13574.png,72
02626.png,26
07811.png,84
16778.png,76
06346.png,46
07042.png,42
17025.png,45
00028.png,28
04263.png,61
01831.png,31
18776.png,74
04601.png,1
11461.png,59
17125.png,25
07512.png,12
18584.png,82
11052.png,52
00181.png,79
03203.png,3
02079.png,77
07906.png,6
05117.png,17
03807.png,7
19852.png,52
12669.png,67
02869.png,67
17651.png,51
19902.png,2
05097.png,93
10885.png,83
08921.png,21
09469.png,67
08420.png,20
05401.png,0
14819.png,19
00863.png,61
12762.png,60
10378.png,76
17222.png,22
04113.png,13
15344.png,44
07832.png,32
02881.png,79
18359.png,56
05486.png,84
01215.png,15
02615.png,15
13753.png,39
17176.png,74
01673.png,71
13407.png,7
12644.png,44
08049.png,49
18997.png,93
09695.png,80
00810.png,10
12450.png,50
02090.png,86
01969.png,67
12541.png,41
02714.png,14
10393.png,89
07070.png,68
02290.png,86
10170.png,68
18932.png,32
05702.png,2
02924.png,24
02365.png,63
18066.png,64
15980.png,78
10388.png,85
06594.png,90
19114.png,14
06591.png,38
16851.png,51
18623.png,23
06632.png,32
15292.png,88
11859.png,57
08581.png,79
00406.png,6
05087.png,27
18499.png,95
05634.png,34
17215.png,15
06625.png,25
00769.png,67
04132.png,32
09983.png,35
11309.png,9
00258.png,56
11514.png,14
18195.png,90
08116.png,16
12267.png,65
10275.png,73
19888.png,85
12428.png,28
11953.png,38
14491.png,87
15314.png,14
01312.png,12
16355.png,27
03299.png,95
07543.png,43
12237.png,37
00786.png,84
03313.png,13
06069.png,67
02481.png,79
15355.png,27
16891.png,87
02885.png,83
11460.png,59
09552.png,39
12742.png,42
02931.png,31
08846.png,51
10925.png,25
19500.png,0
17493.png,89
04714.png,14
13737.png,37
13060.png,58
19773.png,71
02369.png,67
18277.png,75
12501.png,1
12362.png,63
15139.png,39
12903.png,3
07982.png,80
09068.png,66
18742.png,42
14267.png,65
17612.png,12
05470.png,68
17372.png,70
15635.png,81
18258.png,56
19915.png,53
19184.png,82
10398.png,94
08929.png,51
10895.png,90
18511.png,11
10018.png,18
16848.png,48
16615.png,15
13382.png,34
05418.png,18
15661.png,59
12130.png,30
03262.png,60
17512.png,12
15138.png,38
13432.png,32
01660.png,58
06112.png,12
14463.png,61
09085.png,83
09336.png,36
10593.png,89
17062.png,60
17100.png,0
04991.png,87
15033.png,33
09088.png,85
00238.png,38
09762.png,20
18481.png,79
15199.png,30
19899.png,95
02403.png,3
05399.png,95
12957.png,55
12389.png,81
06792.png,88
18347.png,47
00478.png,76
12258.png,56
18028.png,28
12757.png,55
07482.png,80
14509.png,9
17677.png,75
13915.png,15
14817.png,17
11564.png,62
14519.png,19
15698.png,94
16407.png,7
07690.png,38
01328.png,28
09390.png,39
09385.png,83
18981.png,79
14415.png,15
03726.png,72
08778.png,77
15210.png,10
00126.png,26
05147.png,47
19769.png,67
01983.png,81
03104.png,4
19189.png,81
14567.png,65
12658.png,56
06120.png,20
04432.png,32
10849.png,49
01821.png,21
08446.png,46
04195.png,91
13906.png,6
01245.png,45
10896.png,92
16262.png,60
15639.png,39
08452.png,52
07803.png,3
13368.png,66
19065.png,63
18734.png,34
08668.png,66
03325.png,25
05216.png,16
15909.png,9
10342.png,42
09940.png,12
11722.png,22
03052.png,52
12203.png,3
14721.png,21
05185.png,83
09045.png,45
14244.png,44
18521.png,21
13354.png,53
04155.png,25
03264.png,62
11103.png,3
15543.png,87
10121.png,21
18588.png,85
18533.png,33
12926.png,26
08665.png,63
07488.png,85
09933.png,33
06673.png,71
07461.png,59
00267.png,65
11917.png,17
09391.png,87
16900.png,0
14099.png,61
16982.png,80
